;"Factor-1";"Factor-2";"Factor-3";"Factor-4";"Factor-5";"Factor-6";"Factor-7";"Factor-8";"Factor-9";"Factor-10";"Factor-11";"Factor-12"
"6019429";2.552107E-05;-1.843114E-05;1.371355E-05;1.160915E-05;1.072535E-05;-1.533818E-05;-8.448262E-06;-4.365146E-06;6.810996E-06;-3.256218E-06;4.725256E-07;-9.57847E-07
"6019590";-5.036457E-06;-7.489443E-05;-1.961302E-05;-1.820536E-05;1.847475E-05;-1.126243E-05;-8.099893E-06;2.525048E-06;-4.234133E-06;-6.533093E-06;-4.347595E-06;-6.497957E-07
"6019591";1.122978E-05;-5.60225E-05;-3.085786E-06;-1.158844E-05;2.334931E-05;5.353906E-06;3.705978E-06;6.136575E-06;6.680116E-07;-6.011272E-07;1.956702E-06;-4.316368E-06
"6019597";4.492397E-05;-1.77035E-05;8.932487E-05;-8.609193E-06;-3.107432E-05;3.561092E-05;-1.660132E-05;1.669571E-05;2.280794E-06;-4.913102E-06;7.523888E-06;-2.687674E-06
"6019598";2.157589E-05;-2.164461E-05;3.025136E-05;-2.297779E-06;1.055204E-06;1.006551E-05;-8.2269E-06;7.921498E-06;5.886233E-07;-3.650431E-06;3.961342E-06;-7.896886E-06
"6019599";2.646741E-05;-2.561569E-05;3.025981E-05;-7.779705E-06;-1.107303E-05;5.302242E-06;-9.086969E-06;1.096884E-05;3.305466E-06;-5.546931E-06;8.063413E-06;-2.812061E-06
"6019609";4.477387E-05;4.021919E-05;-1.828522E-05;4.843181E-06;1.797225E-06;-9.335302E-06;1.598511E-07;4.311963E-06;-1.462617E-06;-1.433438E-06;8.51896E-07;-1.044392E-06
"6019610";2.565037E-05;4.32607E-05;-1.11524E-05;8.959921E-06;2.269344E-05;-7.382461E-06;-9.7958E-06;3.884718E-06;3.974148E-06;-7.306981E-06;4.761723E-06;3.140766E-06
"6019611";2.945648E-05;3.024429E-05;9.32064E-06;-1.746382E-06;1.016845E-05;-5.209138E-07;-1.025037E-06;4.884774E-06;4.098158E-06;-1.841147E-06;1.391183E-06;1.8241E-07
"6019623";-1.493705E-05;-2.466605E-05;1.573747E-06;-2.000451E-05;2.513025E-05;-2.736469E-05;2.960212E-06;-5.718803E-06;4.694238E-06;-6.755162E-06;-3.773172E-06;3.188464E-06
"6019748";-3.086719E-05;-0.0001431916;5.686622E-06;-8.128676E-06;5.295175E-05;6.854932E-07;1.909428E-06;-4.763559E-06;-1.277025E-06;-2.648973E-06;6.750515E-07;-1.304609E-06
"6019749";-4.853255E-05;-0.000150161;5.963372E-06;-1.197397E-05;4.033128E-05;-8.718095E-06;2.367175E-06;-3.712571E-06;5.718191E-07;-2.422173E-06;2.521389E-06;1.987323E-06
"6019753";2.315105E-05;9.580724E-06;-1.135675E-06;1.55295E-05;2.412128E-05;-5.194017E-06;4.508933E-06;6.38914E-06;1.947193E-06;3.448884E-06;4.612868E-06;-1.555732E-06
"6019772";1.472836E-05;-4.945067E-05;-9.848343E-06;2.324991E-06;-4.362849E-06;-9.535408E-06;-1.084702E-05;2.234119E-06;4.051923E-06;-1.504931E-06;6.052791E-06;3.549975E-06
"6019773";-2.333417E-05;-0.0001113588;2.364446E-05;6.775338E-06;4.258965E-06;-1.375565E-05;-6.009179E-06;-1.474535E-06;2.301388E-06;-3.562103E-06;1.562391E-06;-7.216303E-06
"6019774";3.197199E-05;-2.265469E-05;-1.332565E-05;3.860689E-06;-3.908884E-06;-9.973158E-06;-1.767699E-06;-3.97778E-06;2.579923E-06;1.197836E-06;3.912002E-06;-4.17147E-06
"6019775";2.988686E-05;-6.843794E-05;-1.149246E-05;7.741309E-06;-1.936325E-06;-5.344885E-06;-1.041759E-06;-6.82271E-06;-1.851209E-06;1.093724E-06;2.977787E-06;-2.383417E-06
"6019776";3.963574E-05;-1.609082E-05;-1.708513E-05;-9.081508E-07;-1.35154E-05;-7.858776E-06;-9.72539E-06;-8.34139E-06;2.129285E-06;9.835313E-08;6.485662E-06;2.342465E-06
"6019777";3.526506E-05;-3.135508E-05;7.57089E-06;2.124707E-06;-1.203517E-05;-5.045386E-06;-1.350219E-06;-8.356993E-07;-9.122922E-07;-5.71167E-07;3.318796E-06;4.96286E-07
"6019778";3.863018E-05;-1.148222E-05;-1.080273E-05;4.477513E-06;-6.256425E-06;-1.386742E-05;-6.322725E-07;4.353278E-07;5.123701E-06;-2.035556E-06;6.46291E-06;-2.448088E-06
"6019779";2.998167E-05;-4.869798E-05;-1.879095E-05;-1.435221E-07;-1.027745E-05;-8.532939E-06;-3.332274E-06;-5.701836E-06;1.925007E-06;-1.538936E-09;2.404276E-06;-3.225594E-06
"6019780";3.57126E-05;-1.420007E-05;-3.277532E-05;-6.721778E-06;-1.369522E-05;-5.714018E-06;-8.858465E-06;-4.725006E-06;5.645078E-06;-5.884968E-07;-3.115458E-07;-5.721619E-06
"6019781";3.383464E-05;-3.258627E-05;-1.729222E-05;2.998765E-06;-7.47853E-06;-8.370033E-06;-5.714066E-06;-4.769157E-06;2.868084E-06;2.167105E-06;7.063079E-06;1.72814E-06
"6019782";3.084762E-05;-6.839756E-05;-9.033495E-06;5.391651E-06;-4.046039E-06;-9.374372E-06;2.462657E-06;-9.264788E-06;-2.005784E-06;2.465751E-06;3.776586E-06;-3.195298E-06
"6019783";2.602473E-05;-4.261274E-05;-2.108574E-05;-1.18855E-06;-3.380463E-06;-2.703705E-06;-2.181269E-06;-2.474035E-06;3.055166E-06;-5.041106E-07;7.343771E-07;-3.974647E-06
"6019784";2.718578E-05;-4.671052E-05;2.3948E-06;1.671186E-06;-8.813973E-06;-7.327093E-06;1.467514E-06;6.185082E-07;-1.189615E-06;4.436084E-07;3.224058E-06;1.374602E-06
"6019785";2.986853E-05;-4.393911E-05;-1.042117E-05;3.929395E-06;-1.072732E-05;-5.382981E-06;-4.176378E-06;7.953248E-07;3.76176E-06;1.173753E-06;5.699052E-06;-1.576278E-06
"6019786";3.095824E-05;-2.278429E-05;-1.314019E-05;-1.463893E-06;-1.374303E-05;-8.77506E-06;-5.834817E-06;-3.68568E-06;9.448001E-07;-1.591786E-06;-1.024884E-07;-1.196191E-06
"6019787";2.534389E-05;-7.40321E-05;-1.41899E-05;7.86798E-06;9.641039E-08;-2.915649E-06;-3.608761E-06;-4.86923E-06;1.584461E-06;2.769383E-06;4.530481E-06;-1.643746E-06
"6019788";4.403013E-05;5.335295E-06;-1.686793E-05;8.594102E-06;-6.633998E-06;-9.79588E-06;1.812517E-06;2.514165E-06;1.240552E-07;-3.025395E-07;9.120773E-07;-2.173126E-06
"6019789";4.087311E-05;5.108279E-06;-1.274643E-05;2.985641E-06;-7.377557E-06;-1.562294E-06;-3.253174E-06;-8.298952E-07;2.655985E-07;9.769266E-07;1.849072E-06;-5.332192E-06
"6019790";4.596782E-05;-6.459925E-05;3.174453E-05;2.396141E-05;-2.68808E-06;-2.400118E-06;4.430905E-06;-6.806455E-06;-3.845244E-06;5.970825E-06;7.473022E-06;-1.019777E-07
"6019791";3.243499E-05;1.283037E-05;-1.76669E-05;7.935648E-06;-3.429529E-06;-1.268659E-05;-1.155023E-06;3.586763E-06;8.749872E-07;2.060075E-07;-9.674234E-07;-5.028526E-06
"6019792";1.890548E-05;1.261137E-05;-4.795538E-06;6.164129E-06;-3.548556E-06;-1.98054E-05;-4.278469E-06;6.490654E-06;2.016737E-06;1.26051E-06;1.75883E-06;-2.500787E-06
"6019793";4.327045E-05;3.865339E-05;-8.667014E-06;6.790288E-06;-1.637253E-05;-1.403864E-05;-3.290234E-07;5.634395E-06;2.729704E-06;1.217759E-06;1.138275E-06;-9.058242E-07
"6019794";3.555638E-05;-1.192179E-06;7.910421E-06;6.873992E-06;-1.272107E-05;-8.372544E-06;1.146185E-06;7.357328E-06;-1.093797E-06;1.680493E-06;-6.891505E-07;5.31179E-07
"6019795";4.402865E-05;1.475097E-05;-1.309903E-06;1.488621E-05;-1.683964E-06;-1.234775E-05;4.622538E-06;8.761082E-06;2.045422E-06;2.669954E-06;5.051711E-06;5.418708E-07
"6019796";5.49197E-06;-9.956261E-05;1.432519E-05;7.533251E-06;6.92962E-06;-1.52312E-05;6.986809E-06;1.13839E-06;-3.073923E-06;2.58026E-06;1.488526E-06;-1.585984E-06
"6019797";2.382872E-05;-4.977066E-05;-1.061003E-05;-5.176937E-06;-3.353176E-06;-6.73781E-06;2.302581E-06;-2.878754E-06;-7.892861E-07;3.315978E-06;1.644107E-07;-2.549519E-06
"6019798";3.741502E-06;-0.000100189;4.703737E-07;4.259376E-06;-5.950731E-06;-1.489059E-05;1.991963E-06;-2.115791E-06;-1.477283E-06;4.946824E-06;1.253475E-06;-2.191562E-06
"6019799";2.5847E-05;-3.769262E-05;4.001131E-06;-6.132134E-06;-5.76207E-06;-7.788169E-06;3.992855E-06;2.33352E-06;-1.765306E-06;-1.219622E-07;4.634008E-07;-3.175578E-06
"6019800";1.901718E-05;-5.193814E-05;3.122816E-05;4.402668E-06;1.389048E-06;-6.052098E-06;6.446615E-06;-1.205736E-06;-5.018126E-06;7.445707E-07;2.428479E-06;-2.050718E-07
"6019801";2.364334E-05;-3.620257E-05;6.37571E-06;-3.558804E-06;-6.024137E-06;-6.081905E-06;-3.981626E-07;5.679517E-07;-4.859331E-06;-2.101128E-07;-1.527809E-06;-3.734253E-06
"6019802";2.08401E-05;-0.0001317808;4.30114E-05;1.627121E-05;8.415321E-06;-4.43674E-06;1.260485E-05;-8.356576E-06;-6.701333E-06;6.22321E-07;2.109663E-06;-8.744126E-06
"6019803";3.961317E-05;-3.984706E-05;1.505138E-05;-3.231307E-07;-1.058838E-05;-6.870704E-07;1.97273E-06;-4.646517E-06;-2.310123E-06;3.030045E-07;3.458499E-06;-3.367361E-06
"6019804";1.121725E-05;-6.975666E-05;3.791944E-05;-5.683321E-07;-1.702402E-05;-5.920442E-06;3.63598E-06;7.385682E-07;-6.520186E-06;2.068942E-06;-1.053113E-06;-1.082275E-07
"6019805";2.84414E-05;-1.341947E-05;-1.612561E-05;-3.038097E-06;-1.669814E-06;-1.123131E-05;3.028039E-06;-3.835792E-06;-2.920096E-06;-2.916982E-07;2.075269E-07;-6.222346E-06
"6019890";3.74966E-05;1.014266E-07;-2.790792E-05;2.585397E-06;-1.252914E-05;-1.545113E-05;-1.028274E-05;3.810453E-06;8.539204E-06;-3.368029E-07;3.638012E-06;1.838796E-06
"6019921";6.255704E-05;6.78197E-05;2.769496E-05;1.568386E-05;1.661052E-05;1.307734E-05;-9.310734E-07;-1.315694E-06;-3.451164E-06;-3.915018E-06;5.811962E-06;4.793147E-07
"6019953";2.439858E-05;9.317917E-06;3.804971E-06;7.183744E-06;1.387072E-05;2.127496E-06;5.706671E-07;-2.653106E-06;-1.528853E-06;-3.784188E-06;-5.410104E-07;4.192116E-06
"6019968";5.79148E-05;5.503023E-06;6.489936E-06;-1.072291E-06;-2.37604E-06;6.379047E-06;-5.380864E-06;-4.791179E-06;2.87947E-06;-3.726596E-06;7.774389E-06;3.922331E-06
"6019986";1.767991E-05;1.287352E-05;5.412412E-07;-1.525687E-06;-4.409864E-06;-1.843138E-05;4.342862E-07;3.143198E-06;-2.957235E-08;-1.174456E-06;7.004153E-07;2.079049E-06
"6019988";2.777074E-05;2.110367E-05;3.647438E-07;7.618264E-06;1.270292E-05;-1.256074E-05;-3.415796E-06;1.60064E-06;3.970591E-06;-1.140625E-06;6.652138E-06;7.028505E-06
"6020076";3.663222E-05;3.594556E-05;-2.726775E-06;1.140809E-05;7.82198E-06;-1.803023E-05;6.40347E-06;3.413331E-06;-1.90941E-07;1.238079E-06;5.566644E-06;-5.681114E-07
"6020099";2.004407E-05;-1.479917E-05;6.028556E-06;2.217705E-06;2.457137E-05;-2.951645E-06;2.843594E-07;2.728205E-06;9.184736E-06;-9.92317E-08;-4.529622E-06;2.896985E-06
"6020117";9.224676E-06;-6.755337E-06;1.032488E-05;6.333911E-07;1.336583E-05;-1.416932E-05;-8.156474E-06;7.011866E-06;6.940247E-06;-6.853332E-07;6.400742E-06;5.972305E-06
"6020125";2.754504E-05;9.353423E-06;6.980807E-06;-6.806408E-06;-8.101413E-06;-1.280496E-05;-3.657703E-06;3.377658E-06;8.762724E-07;-2.120367E-06;-2.147731E-06;4.615585E-06
"6020130";2.585508E-05;3.42474E-05;1.031405E-05;7.371702E-06;-1.012769E-05;-1.014742E-05;-5.073153E-06;-1.419974E-06;8.22976E-07;-1.65183E-06;-3.025272E-06;1.302344E-06
"6020339";2.322924E-06;-1.345616E-05;1.014534E-05;1.567581E-05;1.102984E-05;-1.441949E-05;1.289046E-07;1.895021E-06;6.290544E-07;-1.109686E-06;-1.578986E-07;-6.208358E-08
"6230262";8.673185E-05;-1.659324E-06;6.155221E-05;-2.005151E-05;-2.878194E-05;3.123562E-05;4.598816E-07;-3.041152E-06;2.294699E-06;-7.659821E-06;7.032573E-06;-2.656736E-06
"6234139";6.164082E-05;2.552103E-05;8.898747E-06;-3.62212E-05;-1.504308E-05;4.82147E-05;-1.213903E-05;1.297895E-06;-1.291485E-05;1.329719E-06;3.166201E-06;1.026004E-06
"6234217";2.60595E-05;9.339712E-05;2.593408E-05;-7.847269E-06;1.846372E-05;-2.879918E-05;-1.09896E-05;3.232431E-06;3.066694E-06;3.950961E-06;2.755797E-08;-9.668625E-06
"6234371";-3.367128E-05;3.145871E-05;7.483264E-06;-2.187845E-06;-5.239992E-06;1.269124E-05;-1.149743E-06;-1.536255E-06;3.007337E-06;-6.718517E-07;-1.005674E-06;6.542417E-07
"6234379";4.008098E-05;0.0001317594;1.153103E-05;-2.120823E-05;2.617941E-05;-7.411356E-06;-2.547454E-06;3.901997E-07;-5.355957E-06;5.75121E-06;1.788366E-06;-1.721652E-05
"6234577";1.000179E-05;2.774772E-05;2.368415E-05;-2.779783E-05;-2.157949E-06;-2.030084E-05;-1.042416E-05;-1.220584E-06;-7.637863E-06;1.042609E-06;-9.695586E-07;-1.00441E-07
"6234593";-1.170576E-06;8.543711E-06;-4.563109E-06;-3.459871E-05;-1.909128E-07;-2.956066E-05;-1.723519E-06;2.768824E-06;-9.233512E-06;-3.163186E-06;-2.805252E-06;4.843093E-06
"6235047";3.529874E-05;4.382594E-05;-6.364015E-06;6.387696E-06;-1.966667E-06;-1.986484E-06;-6.087254E-06;-9.732859E-07;2.782067E-06;3.843876E-07;-6.909176E-07;4.421343E-06
"6235394";3.216351E-06;5.006568E-05;1.543157E-05;-1.578939E-05;1.114212E-05;-2.610797E-05;-1.019298E-05;-4.789733E-06;-9.641426E-07;6.362142E-06;-2.417923E-06;-7.833956E-06
"6237221";-1.96017E-06;6.237542E-06;-2.846788E-05;5.708498E-06;-1.986169E-05;2.381922E-06;8.982453E-06;4.594243E-06;-2.753517E-06;6.734974E-07;-2.355086E-06;2.131214E-07
"6237222";8.839778E-06;-6.802682E-05;1.106009E-05;5.515147E-07;-1.137728E-05;3.040512E-06;-1.085994E-05;-4.596457E-06;-1.585428E-06;1.146032E-06;-4.856421E-06;3.468434E-07
"6237223";-1.944131E-05;-6.979697E-05;-1.79381E-05;-6.15428E-06;-7.867367E-06;1.515863E-05;1.916372E-06;1.317731E-06;2.935009E-07;2.654033E-06;-2.965284E-06;-2.607926E-06
"6237224";4.490826E-06;-5.469462E-05;4.19301E-06;6.856777E-06;-1.865742E-05;8.232647E-06;-2.938169E-06;-1.903327E-06;-2.428946E-06;-5.862203E-07;-2.675824E-06;1.777785E-06
"6237225";-2.24339E-05;-2.083495E-06;-2.644234E-06;1.167226E-06;3.125352E-05;1.912726E-05;-2.140119E-05;-3.677122E-06;-6.157021E-06;8.030808E-07;2.234271E-06;7.337886E-07
"6237226";1.96056E-05;5.994015E-05;1.750111E-05;1.319045E-06;1.898139E-05;4.715322E-06;-7.94085E-06;-2.917985E-06;-3.509857E-07;3.407194E-06;-2.065513E-06;-1.6586E-06
"6237227";1.262552E-05;3.230779E-05;-4.892561E-06;1.87749E-05;2.2746E-06;1.407086E-05;-6.528812E-07;-4.476109E-06;-4.724855E-07;-1.11319E-06;-5.081432E-06;-3.15502E-06
"6237228";1.49314E-05;-4.664766E-05;-4.182533E-06;-5.759123E-06;-2.143947E-06;4.376545E-06;-6.522203E-06;-2.36278E-06;-2.314991E-06;1.784174E-06;-3.249216E-06;-7.112331E-07
"6237229";3.85136E-07;-3.841693E-05;1.057006E-05;1.233689E-05;1.191E-05;4.925289E-06;-7.081583E-07;-3.767498E-06;1.302696E-06;7.927512E-07;-4.579581E-06;-4.506614E-06
"6237230";-3.386618E-05;9.12808E-05;6.391122E-06;-2.713047E-05;1.573525E-06;-3.535283E-05;1.172668E-05;-2.611447E-06;-6.620864E-07;-4.273482E-06;5.583486E-06;-3.972313E-06
"6237231";-3.988544E-05;8.276498E-05;-2.505733E-05;-3.726418E-05;6.286473E-06;2.464565E-05;-1.009528E-05;-1.632161E-05;4.546856E-06;5.806076E-06;8.282168E-06;-7.058117E-08
"6237232";-2.986226E-05;4.733462E-05;-6.656373E-06;8.884263E-06;-5.328259E-07;-3.101057E-06;-9.379978E-09;-6.324916E-06;-3.019844E-06;-1.299395E-06;-5.307641E-07;-3.384339E-06
"6237233";-2.784305E-05;2.530934E-05;9.857188E-07;1.12621E-06;2.755255E-06;9.132615E-06;-4.942898E-06;-4.189024E-06;4.559704E-06;-2.933641E-07;-2.004711E-06;-3.260512E-07
"6237235";4.589143E-05;8.314167E-05;-1.01878E-05;6.22655E-06;-1.443582E-05;-1.790071E-05;-2.019895E-06;1.661615E-06;-2.001958E-06;-6.569688E-06;-2.781988E-06;-1.558197E-06
"6237236";-6.313143E-05;-2.016217E-05;-2.002515E-06;7.805349E-06;3.367127E-06;1.645078E-05;2.946006E-07;-5.143253E-06;2.878346E-06;-4.240424E-07;2.911294E-06;-3.599452E-06
"6237237";-2.061522E-05;-5.046976E-06;-6.526002E-06;-8.368341E-06;-1.260299E-05;2.014755E-05;-4.352396E-06;3.221154E-06;2.842459E-06;1.42193E-06;-9.205386E-07;-2.031967E-06
"6237238";-2.027904E-05;2.049269E-05;4.672046E-06;8.487043E-06;-5.692817E-06;7.107114E-06;-2.078369E-06;-3.394968E-06;1.943041E-06;2.080197E-07;-1.676323E-06;-2.103839E-06
"6237239";-1.773373E-05;-7.325925E-06;-6.96087E-06;-5.581873E-06;-1.004069E-05;2.990969E-06;-1.506072E-06;2.007737E-06;7.197257E-06;1.593072E-06;-4.121375E-06;-5.645393E-06
"6237240";-2.053541E-05;1.400321E-05;-6.34838E-07;8.607054E-06;-7.803733E-06;1.505415E-05;-7.836381E-07;-1.875155E-06;3.171901E-06;-1.424173E-06;-1.792359E-06;-1.400257E-06
"6237241";-5.854567E-06;4.392543E-05;-7.742698E-06;1.307742E-05;1.976425E-06;7.425117E-06;5.872449E-09;2.173347E-07;5.922313E-07;-2.963765E-06;-9.619446E-07;-1.519764E-06
"6237242";-8.591492E-06;4.315231E-05;-8.010805E-06;5.261402E-06;3.612394E-06;1.671125E-05;-1.542508E-06;1.907251E-06;1.265323E-07;-6.236318E-07;-7.706512E-08;1.667014E-06
"6237243";7.983618E-06;-3.332045E-05;1.028136E-05;-1.188357E-05;1.400955E-06;-9.109263E-06;4.378755E-07;4.545695E-06;3.059181E-06;2.792422E-06;-6.980616E-06;1.434763E-06
"6237246";-9.889407E-06;5.563018E-05;2.809011E-05;8.519095E-06;2.443918E-05;4.575424E-06;5.127516E-06;-6.771206E-07;-9.748115E-07;2.971607E-06;-6.731613E-07;-1.027434E-06
"6237247";-3.011036E-05;4.986352E-05;2.995251E-05;1.502526E-06;4.517697E-06;1.291864E-05;-1.37349E-06;-8.84119E-06;-3.139214E-07;7.336264E-07;3.937018E-06;7.314965E-07
"6237249";-4.387579E-05;1.440905E-05;-1.049487E-05;-3.06885E-06;1.003767E-05;9.795765E-06;5.015472E-06;7.002201E-07;5.644255E-06;1.518557E-06;3.945628E-07;-6.941734E-06
"6237251";-3.308638E-05;7.846535E-06;-2.149388E-05;5.009003E-06;4.236917E-06;-1.260708E-06;1.134321E-06;2.556146E-06;-2.808531E-06;-2.296271E-06;5.426421E-06;4.171962E-06
"6237254";-2.758497E-05;3.527974E-05;4.487827E-07;1.466449E-06;-1.148398E-05;7.568287E-07;-2.37009E-06;-2.83635E-06;-1.277299E-06;-3.871192E-07;7.654517E-07;1.129697E-06
"6237255";-2.614829E-05;4.070901E-05;2.320975E-06;1.134668E-05;3.278353E-06;2.165262E-05;4.602755E-06;5.596583E-07;2.47071E-06;-2.316955E-06;-2.876704E-07;-4.419776E-06
"6237259";-1.54442E-05;3.91835E-05;-2.24279E-05;-2.175939E-06;5.810096E-06;1.269914E-05;-1.593066E-06;-7.26548E-08;-3.116487E-06;7.625675E-08;-3.073237E-06;-1.633936E-06
"6237260";2.063688E-05;4.647104E-05;-1.229923E-05;-1.190554E-05;1.923218E-05;1.917756E-07;-9.54694E-06;-1.678891E-06;1.969044E-06;-8.699128E-07;-3.707811E-06;-1.724312E-06
"6237261";-2.533531E-05;2.145682E-05;1.527216E-05;-5.047384E-07;4.221083E-06;-2.015711E-06;6.78395E-06;5.005621E-06;3.277835E-06;-8.677048E-07;-4.083967E-06;-7.881591E-07
"6237266";-1.500197E-05;4.27116E-05;7.860502E-07;4.773996E-06;4.131965E-06;2.652269E-07;3.682673E-06;-3.509051E-07;2.099559E-06;-2.820495E-06;-4.692095E-06;-2.707918E-06
"6237267";-6.615298E-05;-5.615441E-05;4.763663E-06;-2.87568E-07;1.849726E-06;7.07271E-06;6.6021E-06;5.029694E-06;2.134926E-06;-7.542847E-07;3.004513E-06;-1.902042E-06
"6237268";6.152557E-06;3.871555E-05;-1.375257E-05;4.617548E-06;9.383016E-06;8.287789E-06;1.888437E-06;6.475549E-06;1.827738E-06;-1.762643E-06;-2.533952E-06;-2.750224E-06
"6237269";-4.732148E-05;2.341685E-05;-1.202402E-05;-1.95277E-06;-1.97447E-06;3.491979E-06;5.151324E-06;4.218003E-08;5.77678E-07;-1.645759E-07;3.127866E-06;-1.983766E-06
"6237270";-2.364471E-05;-2.537429E-05;2.721231E-05;6.451773E-06;2.536403E-06;-5.752776E-07;-2.451585E-06;-2.046591E-06;1.525319E-06;4.349967E-07;-2.836259E-06;-1.020706E-06
"6237272";-5.3989E-06;2.348609E-05;1.207173E-05;-1.086155E-05;5.603023E-06;-7.304674E-06;-1.224039E-06;5.645869E-06;1.115674E-06;7.551947E-08;-4.276333E-06;3.627198E-06
"6237273";-2.707088E-05;6.756648E-05;-1.118339E-05;-2.77826E-06;3.893828E-06;1.144308E-05;-2.679448E-06;-7.447029E-06;2.108881E-06;-2.343861E-06;-1.090225E-06;-1.594526E-06
"6237274";-2.389294E-05;0.0001071209;4.471872E-06;-1.54437E-05;6.526895E-06;-1.450242E-06;-4.743802E-06;-1.060258E-05;1.061551E-07;6.777197E-07;7.111509E-06;1.545114E-06
"6237275";-2.737725E-05;-1.935701E-05;-1.254483E-05;1.33399E-06;7.542018E-06;4.026336E-06;-1.031425E-05;-6.316237E-07;7.860029E-07;1.641438E-07;1.278651E-07;2.977582E-06
"6237276";-5.992442E-05;1.756647E-05;2.250855E-06;-5.9835E-06;-1.241618E-05;-1.182698E-06;8.780439E-06;-2.856993E-06;-1.284673E-06;-7.388034E-07;5.143555E-06;3.967194E-06
"6237277";-2.481414E-05;6.872667E-05;1.26131E-05;-2.918916E-06;-1.158041E-05;6.663639E-06;4.96234E-06;-3.886297E-06;-8.567358E-07;-1.311594E-06;1.027345E-06;1.068661E-06
"6237278";-4.431402E-05;2.109858E-05;1.437416E-05;-2.410908E-07;-8.84186E-06;-2.542215E-06;6.110428E-06;-6.290477E-06;8.337809E-07;-1.713114E-06;-1.803931E-06;-1.107788E-06
"6237279";-3.595319E-05;5.617867E-05;4.187928E-06;8.028778E-08;-6.002817E-07;7.976282E-06;9.756041E-06;-1.586149E-06;5.908893E-06;-1.080315E-07;-1.162791E-06;-8.832238E-07
"6237280";-5.052696E-05;-5.556024E-06;-5.578677E-06;-6.827391E-06;-1.07179E-05;-2.097055E-06;2.757994E-06;-3.676875E-07;-1.300676E-06;-6.054843E-07;8.866153E-07;-2.595642E-07
"6237281";-3.174034E-05;0.0001084349;5.850401E-06;4.447771E-06;7.989726E-06;-4.495207E-06;1.219728E-05;-4.627951E-06;-1.179977E-06;-4.975711E-06;6.723395E-06;-4.037175E-06
"6237283";-2.570535E-05;3.398712E-05;-3.819907E-06;1.331214E-05;2.235207E-05;7.96215E-06;-3.270957E-06;-2.772856E-06;1.215382E-06;-1.295698E-06;5.856769E-06;4.540339E-06
"6237285";-6.595745E-05;-4.797665E-06;5.060702E-06;1.893983E-05;1.191105E-05;6.945711E-06;1.080266E-05;-2.148829E-06;3.777945E-06;2.374863E-07;3.889245E-06;-7.357781E-07
"6237286";-1.332756E-05;-4.047629E-06;8.210925E-06;2.723754E-06;3.761944E-07;-9.779934E-08;-5.861282E-06;1.01653E-06;2.838019E-06;2.289407E-06;-3.629312E-06;2.876876E-06
"6237287";-1.201579E-05;-3.332991E-06;6.256468E-06;2.605847E-06;-1.321841E-06;1.536121E-07;-4.764993E-06;1.055594E-06;2.34273E-06;2.859527E-06;-2.917995E-06;2.852449E-06
"6237289";1.606385E-05;8.672836E-06;8.426837E-06;6.030208E-06;1.049466E-05;1.002694E-05;6.008811E-06;7.136957E-06;-6.935448E-07;2.961653E-07;-3.352579E-06;1.688643E-06
"6237291";2.237151E-05;4.014363E-06;1.462522E-05;1.511993E-05;6.903982E-06;7.784247E-06;-1.67903E-06;4.721983E-07;-1.950825E-06;5.538353E-07;-3.161152E-06;6.850377E-06
"6237292";-2.654209E-05;4.577879E-05;-5.967886E-06;-8.138076E-07;-1.070984E-05;-1.170867E-05;2.900283E-06;-5.545642E-06;-2.710551E-06;-9.875023E-07;-2.210257E-07;2.196688E-06
"6237293";-1.661301E-05;3.687015E-05;1.296719E-05;4.258362E-06;5.944413E-06;-3.140618E-06;2.152982E-06;3.753486E-06;-2.6412E-06;1.677644E-06;1.076022E-08;5.383857E-06
"6237295";-3.662813E-05;-5.753591E-05;1.122535E-05;-4.853817E-06;3.113277E-06;1.374278E-06;4.664618E-06;5.45334E-06;2.110808E-06;2.349416E-06;5.531332E-08;1.403643E-06
"6237296";-1.300413E-05;-6.654094E-06;3.570985E-07;-2.066483E-06;-6.800426E-06;-6.506338E-06;-3.801888E-06;-8.041135E-07;2.931343E-07;1.654172E-06;-3.295168E-06;8.423139E-07
"6237297";-4.273689E-05;-7.173286E-06;2.006852E-05;7.302399E-06;-9.234313E-06;1.857392E-06;2.995605E-06;-1.668358E-06;1.881518E-06;1.073241E-07;-1.041729E-06;-8.069295E-07
"6237298";-4.21393E-05;-7.424394E-06;1.959631E-05;5.944948E-06;-1.264271E-05;1.022424E-06;3.276464E-06;-1.435455E-06;2.091943E-06;-3.427091E-07;-4.821036E-07;-1.140534E-06
"6237299";4.348072E-06;-2.489659E-05;-7.295754E-06;1.047083E-06;4.364228E-07;1.154779E-05;-4.05219E-06;2.148498E-06;1.587826E-06;6.238302E-07;-6.2766E-06;1.332971E-07
"6237300";-5.893353E-06;-7.234675E-07;-1.097495E-05;4.619869E-06;5.747068E-06;8.934071E-06;-8.31724E-07;-2.723423E-07;4.590558E-06;5.656576E-07;-4.871803E-06;-2.253648E-06
"6237301";-1.114542E-05;7.482113E-06;-1.81692E-05;8.957864E-06;-4.549439E-06;-1.685686E-06;-9.978279E-06;-7.451501E-06;-2.62202E-06;1.973519E-06;-3.065895E-06;2.262938E-06
"6237302";8.355547E-06;-1.359896E-05;-1.833813E-05;1.333338E-07;2.298453E-06;2.495859E-06;-8.093431E-06;1.369374E-06;2.358032E-06;1.405354E-06;-4.106165E-06;-4.87797E-07
"6237303";2.66639E-05;4.407909E-05;-2.548156E-05;-1.033767E-05;8.672848E-06;1.334105E-05;-3.606312E-06;5.240812E-06;-2.702036E-06;2.110542E-06;-4.923408E-06;3.467671E-06
"6237304";-3.381374E-06;6.33362E-05;-2.112128E-05;2.144448E-05;-6.254627E-06;2.853299E-06;-9.054096E-07;-5.383697E-06;-1.075496E-06;2.328439E-06;-8.985424E-08;-4.792999E-07
"6237305";-6.930261E-07;4.008333E-05;-3.455181E-06;7.208565E-06;8.879191E-06;1.349531E-05;7.323385E-06;7.348965E-06;5.278714E-07;3.641111E-06;-5.419724E-07;3.358243E-06
"6237306";-5.184848E-06;6.354747E-06;-2.621656E-05;8.034374E-06;-1.696603E-05;8.500378E-07;2.376757E-06;1.759443E-06;-2.652933E-06;2.772416E-06;1.486812E-07;2.726315E-06
"6237308";1.256293E-05;-5.483311E-05;-4.930569E-06;-2.940842E-06;1.443015E-05;1.489266E-05;-3.987311E-06;-1.441193E-06;-4.052885E-06;1.430198E-06;-7.939616E-08;8.606818E-06
"6237310";-1.107979E-05;1.359051E-05;4.188652E-06;-4.558729E-06;-7.915039E-06;-2.173716E-06;7.96514E-07;5.345328E-06;-1.791733E-06;-1.547054E-06;-5.385152E-06;-3.459568E-07
"6237311";-3.018247E-05;-9.282589E-06;2.342906E-06;-8.993742E-06;-9.976166E-06;1.072E-05;1.544872E-06;4.983081E-06;3.51024E-06;1.754189E-06;-1.680405E-06;2.379396E-06
"6237312";-4.046124E-05;-6.970195E-05;-2.431946E-05;-1.035707E-05;-8.199376E-06;2.503393E-06;5.822671E-06;6.090475E-06;-1.186639E-06;1.224285E-06;-1.100104E-07;-2.511648E-06
"6237313";3.418523E-05;4.066316E-05;-2.948994E-05;6.258043E-06;1.762642E-05;2.216285E-05;1.835477E-06;1.236168E-05;-8.724757E-06;2.999935E-06;1.149807E-06;-5.557112E-06
"6237314";2.364955E-05;4.43709E-05;1.262817E-05;5.540269E-06;-3.324384E-06;2.245336E-06;5.642361E-06;6.781611E-06;-9.909244E-06;-4.450885E-08;-3.239417E-07;-1.42952E-06
"6237315";-3.580564E-05;-5.565414E-06;-2.161801E-05;-4.039093E-07;-1.079081E-05;1.889069E-06;8.224396E-06;7.941319E-06;-3.860588E-08;9.537197E-07;-4.065349E-07;-3.384951E-06
"6237316";-1.009478E-05;1.498042E-05;-3.196274E-05;1.062869E-05;-6.359496E-06;-5.085068E-06;1.247044E-06;3.160683E-06;-2.926926E-06;-6.676449E-07;1.818858E-06;-1.689309E-06
"6237317";-3.966288E-05;-8.963222E-05;-3.203364E-05;-1.65031E-06;6.035604E-06;1.469255E-05;-1.332221E-06;4.126676E-06;-6.842009E-07;-2.470689E-06;1.51586E-06;-3.561524E-06
"6237318";-4.820886E-05;-0.0001095955;-3.269436E-05;-7.144079E-06;3.850796E-06;8.427947E-06;-2.511629E-06;6.761295E-06;-2.931637E-06;2.77094E-07;2.274767E-06;3.053446E-06
"6237319";6.065593E-05;4.139302E-05;-4.712476E-05;6.390522E-06;-4.863389E-06;-6.157974E-06;1.741567E-06;-4.545968E-07;-2.596321E-06;-2.036235E-06;-2.814162E-06;1.136102E-06
"6237320";3.101751E-05;1.800803E-05;-2.607042E-05;9.415027E-06;-1.487097E-05;1.299554E-06;-1.228946E-06;-3.411162E-07;-4.111061E-06;-1.342551E-06;-9.503884E-07;-4.72293E-06
"6237321";3.207547E-05;2.348931E-06;-2.424131E-05;1.018064E-05;-1.484087E-05;3.857138E-06;2.35233E-06;-1.213912E-07;-2.902805E-06;1.059298E-06;1.649712E-06;-1.798887E-06
"6237322";-3.784088E-05;-2.077935E-05;-1.142484E-05;-2.17351E-06;-1.821077E-07;4.062277E-06;-1.067161E-06;2.574936E-06;-3.84639E-06;-3.390538E-06;2.812345E-06;-7.040202E-07
"6237323";5.501438E-05;4.260327E-05;-2.801548E-05;5.160482E-06;5.28684E-06;2.749313E-06;-2.009657E-06;4.304677E-07;-3.938114E-06;-3.349148E-07;2.391249E-06;-1.594143E-07
"6237324";-1.129221E-06;-7.418801E-05;-3.272007E-05;-7.055798E-06;4.203645E-06;1.185326E-05;-1.636186E-05;-2.769547E-06;-3.866508E-06;-7.654409E-06;-1.831887E-06;6.97779E-08
"6237325";-8.239731E-06;2.479628E-05;-8.466995E-06;4.82103E-07;-4.94516E-06;3.82913E-07;1.613774E-06;7.007967E-06;3.527163E-06;1.111535E-05;1.045033E-05;5.354056E-06
"6237326";-5.16302E-05;-8.01041E-05;-2.094422E-05;-6.59373E-06;-2.578583E-06;3.480599E-06;1.984206E-07;4.257508E-06;-1.428237E-06;-1.722257E-06;2.385448E-06;-3.612233E-06
"6237327";-5.387897E-05;-8.512625E-05;-1.449667E-05;-5.38411E-06;-6.744427E-06;6.472701E-06;1.162004E-07;3.829198E-06;-1.304399E-06;-1.981251E-06;3.719021E-06;-2.973412E-06
"6237328";-4.116294E-05;-9.012933E-05;-2.079657E-05;-4.380844E-06;-2.030802E-06;1.26908E-05;2.695635E-06;9.061993E-06;-3.351743E-07;2.529064E-06;4.542572E-06;-3.502714E-06
"6237329";1.2232E-05;-1.04899E-05;2.796745E-06;6.025813E-06;3.55343E-07;1.974506E-05;-3.337052E-06;-1.751608E-06;1.085064E-06;1.763546E-06;-3.984408E-06;-1.107357E-06
"6237331";-1.23797E-05;1.389087E-05;2.104157E-05;-7.647301E-07;-3.236076E-06;-8.254926E-07;3.929098E-07;-1.110648E-06;-2.905024E-06;-2.222762E-06;-2.860393E-06;2.309439E-06
"6237332";-3.869879E-05;-8.596327E-06;-1.007634E-05;-1.500066E-06;-7.196967E-06;-3.268336E-06;-2.66124E-06;-6.835777E-06;-2.68495E-06;1.253586E-07;-3.737218E-07;4.647638E-06
"6237333";-6.652405E-06;-1.140532E-05;-3.139286E-06;-2.843038E-07;-2.400289E-06;3.058281E-06;-2.959865E-06;8.324203E-07;-1.233135E-06;1.124305E-06;-1.188115E-06;4.302521E-06
"6237336";-3.682252E-05;6.087024E-05;-1.262903E-05;7.537438E-06;6.298596E-06;8.074942E-06;-4.364055E-07;-8.628074E-06;-2.632537E-06;6.592167E-07;4.874738E-06;-1.471507E-06
"6237337";-4.971278E-05;-8.911766E-06;-2.219116E-06;-1.131441E-06;1.177906E-06;4.796288E-06;2.958707E-06;2.711999E-06;-7.586547E-07;-5.878967E-07;3.255739E-06;2.688696E-06
"6237338";4.221522E-05;-2.612189E-05;-1.170052E-05;-2.418826E-06;-5.488686E-06;2.633285E-06;3.53987E-06;-5.762224E-06;-4.063401E-06;2.065686E-06;2.57745E-07;8.771023E-07
"6237339";-2.793707E-05;-3.662005E-05;-1.408931E-05;-3.096918E-06;6.710657E-06;1.230162E-05;4.697747E-06;4.971152E-06;2.689645E-06;-1.24164E-06;2.847892E-06;-5.952559E-07
"6237340";1.812157E-05;-5.421336E-05;2.819468E-05;-1.739391E-06;-5.981331E-06;1.437812E-05;-5.669503E-06;-5.636319E-06;2.772813E-06;3.937739E-06;-2.296269E-06;3.627663E-06
"6237341";4.716617E-05;-4.367862E-05;-6.0885E-06;-9.369701E-06;1.676139E-05;-5.296733E-06;1.003756E-05;1.542892E-06;1.00387E-06;-5.600784E-07;1.954122E-06;6.26035E-06
"6237342";-2.661586E-05;3.10686E-05;-6.142541E-06;-1.252553E-05;7.148709E-06;8.000709E-06;6.72755E-06;2.96253E-06;-6.163489E-06;3.938256E-06;9.495453E-06;7.553709E-06
"6237343";-7.391362E-05;-4.931015E-05;5.025452E-07;-6.628562E-06;-1.25407E-05;2.134858E-06;1.150249E-05;5.337897E-06;5.754808E-06;8.028704E-07;6.230352E-07;-1.695021E-06
"6237344";-4.203099E-05;1.996258E-05;6.098875E-06;3.624533E-07;-2.226139E-06;5.650283E-07;9.435325E-06;2.60569E-06;-1.106874E-06;2.015373E-06;3.267425E-06;-3.536827E-06
"6237345";-4.526748E-05;-2.944312E-05;8.292341E-06;-5.943702E-06;-1.012548E-05;-1.580961E-05;3.527997E-06;3.06554E-06;2.588985E-06;3.073938E-07;-2.151607E-06;-2.213526E-06
"6237346";-2.008384E-05;5.513383E-05;-8.310298E-06;2.086059E-06;1.182246E-05;-4.97366E-06;2.023131E-06;3.526184E-06;-5.830629E-06;-1.738703E-06;3.469793E-06;1.640271E-06
"6237347";2.564185E-06;-5.164491E-05;-2.271675E-05;2.750656E-06;7.032683E-06;-2.321987E-06;-4.483304E-06;2.041284E-06;-3.327606E-06;8.458263E-07;1.706963E-06;5.776114E-06
"6237348";-2.504587E-05;6.01055E-05;-6.966875E-06;-3.286498E-06;-1.913982E-06;-9.574573E-06;2.829541E-06;-1.025729E-06;1.448322E-06;-3.945859E-06;7.786144E-07;-1.713464E-06
"6237349";-2.831914E-05;-1.354424E-06;1.669393E-05;-1.601227E-05;1.865363E-06;-1.173993E-05;1.390041E-06;1.922674E-06;-4.315923E-06;1.893781E-06;3.146101E-06;7.631113E-06
"6237351";-2.510161E-05;-1.600186E-05;-5.145235E-06;-8.355513E-06;-9.82103E-06;-1.389886E-05;3.36708E-07;3.707149E-06;1.03219E-06;-1.177261E-06;-4.276031E-06;-2.479679E-06
"6237352";-3.783768E-05;5.28034E-05;8.617464E-06;8.899044E-06;-9.208788E-06;-1.137252E-06;1.179409E-05;-6.295786E-07;2.880296E-06;-2.663642E-06;1.808655E-06;3.043097E-07
"6237354";4.595504E-05;-1.450232E-05;-7.343259E-06;-1.087783E-05;-1.101973E-05;4.157371E-06;1.168764E-07;-2.693197E-06;1.497118E-06;-1.022362E-07;-8.23038E-06;1.190206E-06
"6237355";-4.796802E-06;5.210222E-05;-2.684806E-07;9.187977E-06;1.168044E-05;5.129912E-06;6.9324E-06;3.054169E-06;-8.518085E-06;-1.926633E-06;3.987412E-07;-3.817399E-06
"6237356";4.410645E-05;1.750526E-06;-9.733464E-06;-6.593313E-06;1.453174E-05;1.651382E-05;9.405395E-06;6.440172E-06;-4.863382E-06;-7.869302E-07;-3.818222E-06;9.056337E-07
"6237357";4.83527E-06;-3.536564E-05;5.051127E-06;-2.612005E-07;1.515365E-06;9.159507E-06;-7.848812E-06;-1.94273E-07;5.326891E-06;2.929705E-06;-2.570194E-06;2.289163E-07
"6237358";-4.733718E-05;1.653664E-05;-1.025975E-05;-2.10037E-07;-9.820262E-06;1.209623E-05;3.003753E-06;-2.629943E-07;4.457482E-06;-1.259731E-06;-1.080422E-06;-9.663938E-07
"6237360";-8.596247E-06;-1.877929E-05;1.038616E-05;1.199481E-05;6.370086E-06;1.243468E-05;-7.292978E-07;-3.967502E-06;-1.119617E-06;9.286507E-07;-4.467706E-06;7.57508E-08
"6237361";0.0001144274;-4.016898E-05;-1.192721E-05;-2.227606E-05;2.555088E-06;1.750967E-05;3.189371E-05;-9.03097E-06;3.04894E-06;-1.303203E-06;-1.134554E-06;1.916366E-06
"6237362";0.0001133696;-4.370698E-05;-1.593723E-05;-2.412594E-05;2.126545E-06;1.785061E-05;3.127427E-05;-1.004926E-05;4.137054E-06;-2.004725E-06;-2.220254E-06;-1.836688E-07
"6237363";-4.768703E-05;2.045622E-05;1.206473E-05;-7.527746E-07;-1.246088E-05;-1.404093E-05;2.54019E-06;-4.843849E-06;2.36739E-06;-1.699321E-06;-2.660465E-06;-6.427862E-07
"6237364";-1.008288E-05;3.738416E-05;-9.468123E-06;-4.449603E-06;1.262184E-05;-2.471603E-06;-5.292782E-06;1.973679E-06;-3.525796E-06;-2.417012E-07;3.188872E-06;1.802381E-06
"6237365";-2.894506E-05;-3.161125E-05;4.515862E-06;-9.675362E-06;1.211772E-06;-3.573061E-06;-4.092488E-06;2.640991E-06;-2.448207E-06;-5.495257E-07;-1.093661E-06;2.703173E-06
"6237366";-2.575308E-05;5.130696E-05;-7.670217E-06;-7.265582E-06;-1.00023E-05;-3.442389E-06;-2.48579E-06;-3.706453E-06;1.286414E-06;-2.46323E-06;-1.714979E-06;-4.804763E-07
"6237368";6.851524E-05;7.920178E-05;-9.390307E-06;4.524985E-06;1.150936E-05;1.338124E-05;2.445724E-06;6.99254E-06;6.219531E-06;1.780276E-08;-2.829551E-06;3.381334E-06
"6237370";-7.818259E-06;2.435096E-05;-4.524979E-06;-5.602819E-07;7.523136E-06;1.334031E-07;1.981901E-06;3.725503E-06;1.082279E-06;-1.503163E-08;-1.651011E-06;-3.872147E-07
"6237372";2.933681E-05;3.050171E-05;-5.955134E-06;5.659638E-07;4.56529E-06;1.271694E-05;-4.509592E-06;2.350146E-06;2.908767E-06;2.019126E-06;-6.688314E-06;6.28455E-07
"6237373";-1.953047E-05;4.440061E-05;2.034615E-05;2.92108E-06;3.072632E-06;7.600862E-06;4.436085E-06;3.302131E-06;2.559991E-06;-1.386212E-06;-2.814449E-06;-1.580765E-06
"6237376";-2.822288E-05;6.106208E-05;6.155468E-06;-1.814888E-05;-2.217142E-07;-1.444357E-05;1.253836E-06;1.549568E-06;2.605319E-06;2.635437E-06;-4.480072E-07;-3.592858E-06
"6237377";2.627076E-05;-1.360985E-06;4.29652E-06;-5.553915E-07;1.103578E-05;1.136772E-05;-3.919731E-06;-2.725548E-07;1.651647E-07;8.331243E-07;-5.995681E-06;-4.57995E-06
"6237380";-2.162095E-05;5.359437E-05;9.145469E-06;-6.887806E-06;3.175136E-06;4.982223E-08;-2.422715E-06;1.608309E-06;4.862407E-06;1.613106E-06;-1.646528E-06;2.640706E-06
"6237381";-5.184056E-05;4.567321E-05;4.342668E-06;-4.73963E-06;-1.390054E-06;8.730953E-06;8.454927E-06;-8.755727E-07;6.917131E-06;7.714137E-07;1.844807E-06;-2.106257E-06
"6237382";-3.115962E-05;6.752116E-05;-6.414572E-06;2.326076E-06;-3.287824E-06;3.148796E-06;-1.569092E-07;-4.602659E-06;-4.680617E-07;-1.293795E-06;4.076798E-06;4.027955E-06
"6237383";-6.423265E-06;-2.082376E-05;2.322466E-05;2.326519E-07;2.348531E-06;-7.607784E-06;-5.219113E-06;2.368304E-06;4.366997E-06;7.242024E-06;-4.547565E-06;2.191903E-06
"6237384";-5.64168E-05;-2.336829E-05;-2.534831E-05;1.123777E-05;-5.71294E-06;2.035251E-05;-2.723519E-06;-2.108265E-07;-2.010365E-06;-2.504669E-06;4.033836E-06;3.145103E-06
"6237385";6.391491E-05;5.738467E-06;1.286381E-06;-5.147956E-06;1.574298E-05;2.15919E-06;5.64026E-06;8.822681E-07;-4.175883E-07;3.798488E-06;-3.645389E-06;-5.791092E-06
"6237391";-4.215377E-05;8.556807E-06;9.366213E-06;-4.182866E-06;-4.571966E-06;2.850686E-06;-1.387276E-06;-1.671661E-06;3.215664E-06;3.306505E-07;1.87832E-06;8.479968E-07
"6237392";-1.086382E-05;-8.70561E-07;-3.94414E-06;-6.333222E-06;-7.79903E-06;5.291115E-06;6.273879E-07;2.971689E-06;2.401329E-06;1.896035E-06;-3.784391E-06;2.635344E-06
"6237393";-4.007645E-05;-2.667762E-05;3.131497E-05;-2.197601E-06;-8.418516E-06;-1.29703E-07;1.742604E-06;-2.221952E-06;4.397763E-07;-1.478296E-06;-3.067323E-06;2.735749E-06
"6237394";-5.141929E-06;2.199838E-05;-2.033192E-06;1.383642E-05;3.2831E-08;1.89628E-06;-1.158106E-06;-2.664654E-06;-3.673474E-06;3.063295E-07;-4.957647E-07;3.381294E-06
"6237395";-1.838532E-06;2.980391E-05;-1.695318E-06;4.930525E-06;-7.431713E-06;-1.500294E-06;-1.788098E-06;2.654232E-06;-3.204137E-07;2.047614E-06;-5.061017E-07;6.826339E-06
"6237396";-2.171229E-05;1.993933E-05;-7.16729E-06;-3.581794E-06;-1.734864E-05;-6.104098E-06;-1.035134E-06;-1.931848E-06;-1.400223E-06;-1.699031E-06;-2.022353E-06;-8.423079E-07
"6237397";-2.781034E-06;5.540988E-05;9.127783E-06;8.909965E-07;1.089158E-06;7.677218E-06;7.722631E-07;2.004947E-06;7.83249E-07;-9.740028E-07;-1.877665E-06;2.59469E-06
"6237398";-9.311283E-06;4.566368E-06;-6.078675E-06;2.479619E-06;-4.064715E-06;-1.187261E-05;-2.194353E-06;2.610078E-06;-3.772016E-07;-1.011235E-06;-5.674195E-06;-1.360161E-06
"6237399";-3.074897E-05;2.199427E-05;6.008109E-07;-3.679684E-06;-2.555084E-07;-1.967385E-05;1.643747E-07;-2.290746E-06;-2.235185E-06;2.618551E-06;1.215111E-06;-2.222826E-07
"6237400";-8.292376E-06;4.400988E-05;-2.227897E-05;-9.825666E-07;-1.463539E-05;-7.602057E-06;-1.583192E-06;-4.319471E-06;-4.072854E-06;-3.446246E-06;-2.595609E-06;5.994125E-07
"6237401";-1.067502E-05;3.116979E-05;2.106285E-05;-6.983288E-06;-1.027913E-05;3.357388E-06;4.090543E-06;1.375882E-06;-2.941137E-06;5.056454E-07;-7.484966E-07;2.696872E-06
"6237402";8.070717E-06;6.826588E-05;8.301095E-06;-2.67036E-06;-1.482874E-05;-9.07586E-06;4.109563E-06;-1.706044E-06;-4.536361E-09;2.369904E-07;-5.664684E-06;4.139524E-06
"6237403";-1.567849E-05;-2.87238E-05;1.173525E-05;4.644145E-06;-1.599793E-06;-1.611413E-05;1.775878E-06;1.057444E-06;-1.92292E-06;-2.731877E-07;-3.313381E-06;6.356014E-06
"6237404";3.401447E-06;7.593011E-06;-1.207928E-05;6.000665E-06;-1.136265E-05;-1.150863E-05;3.341401E-06;2.954055E-06;-2.849136E-06;-1.309308E-06;-3.030544E-06;8.992067E-07
"6237406";-2.985944E-05;-6.505098E-06;9.562913E-06;1.033681E-05;-6.828955E-06;-8.914804E-06;2.052305E-06;-4.705435E-06;-3.282677E-06;-1.222103E-06;-2.08248E-06;3.289959E-06
"6237408";1.382041E-06;1.411367E-05;2.618794E-05;1.253778E-05;4.11042E-08;-5.751588E-06;7.10301E-07;-1.044859E-06;-1.385211E-06;5.823128E-08;-1.041654E-06;4.498204E-07
"6237409";-2.704959E-06;-2.421577E-05;1.195017E-05;1.134472E-05;-2.332253E-06;-1.225563E-05;-2.686671E-06;2.762146E-06;-2.023062E-06;2.884688E-07;1.841983E-06;5.310252E-06
"6237410";-3.274515E-05;1.210006E-05;-1.659818E-05;4.405839E-06;-1.985751E-05;-7.810129E-06;6.742103E-06;1.600808E-06;1.720269E-06;-3.073997E-07;5.880226E-08;2.38268E-06
"6237412";-2.033256E-05;4.227303E-05;5.44364E-06;-2.206044E-05;-1.538724E-05;3.975977E-06;2.821E-06;-1.963027E-06;-1.582668E-06;5.651123E-06;1.463783E-06;-1.770539E-06
"6237413";-2.22957E-05;9.238919E-06;1.439275E-06;-6.267707E-06;-9.986925E-06;-4.415051E-06;-1.161514E-06;1.118788E-07;-3.889333E-06;7.491279E-07;-3.158432E-06;1.95644E-06
"6237414";-2.07792E-05;6.66582E-06;3.167693E-05;1.455028E-06;2.027839E-06;-1.418354E-06;8.878807E-07;-8.234356E-06;-3.621723E-06;1.439879E-06;1.471592E-07;4.178146E-06
"6237416";-1.771209E-05;2.57172E-06;2.219098E-05;1.307783E-05;1.245894E-05;1.749773E-06;-4.417149E-07;-6.654694E-06;3.057798E-07;3.758322E-07;-2.763603E-06;2.242589E-06
"6237417";-6.547719E-07;-9.279084E-06;1.915253E-05;8.304752E-06;-5.422593E-06;-5.511218E-06;5.724674E-06;1.044343E-06;-1.575036E-06;2.79589E-06;-9.803175E-07;6.379312E-06
"6237418";1.381575E-05;4.354227E-05;2.053705E-05;1.36801E-05;8.093676E-07;-5.479195E-06;9.660978E-06;1.958712E-06;-9.838068E-06;-2.367679E-06;-5.620985E-06;-7.48153E-08
"6237419";-1.157852E-05;-3.27966E-05;1.015051E-05;2.298918E-06;-3.688488E-06;-6.924412E-06;-4.692838E-06;-4.263975E-06;9.014098E-07;8.390336E-07;-5.825603E-06;1.079979E-06
"6237420";-1.879264E-06;2.115507E-05;-7.910934E-07;6.954651E-06;-3.261918E-06;1.067903E-05;-2.568842E-06;-2.547181E-06;2.517219E-06;4.573857E-07;-5.696187E-06;-2.211187E-06
"6237421";-2.89331E-06;-7.331455E-05;1.629535E-05;-1.022373E-05;-1.947712E-06;-1.691214E-05;-4.277545E-07;-1.733111E-06;1.592775E-06;3.254117E-07;-4.332998E-06;3.572178E-06
"6237422";-5.313433E-06;1.979618E-05;8.672841E-06;2.996533E-07;2.486643E-06;-5.939618E-06;-3.54594E-06;2.601869E-06;-3.309787E-06;3.478692E-07;-2.080958E-06;1.993076E-06
"6237423";7.859483E-05;-1.070038E-05;-1.36548E-05;-3.904765E-06;-5.781828E-06;-3.758844E-06;8.534395E-06;-2.890931E-06;6.142379E-06;1.139896E-06;1.066345E-06;4.556341E-06
"6237424";0.0001093508;1.046591E-06;9.510814E-06;-9.667126E-06;2.551673E-06;1.72973E-05;1.747839E-05;-3.787742E-06;6.042679E-06;2.892929E-07;7.100095E-08;7.921179E-06
"6237426";3.967997E-05;-3.048391E-05;-5.935092E-07;-4.687695E-06;1.955693E-05;-2.05438E-06;7.976404E-06;1.165104E-06;4.304359E-07;-3.63833E-06;-3.6735E-06;3.677412E-06
"6237427";-6.698918E-06;3.637275E-05;7.23651E-06;-1.466107E-05;7.955161E-06;-1.32834E-05;-1.827525E-06;4.58241E-06;1.257406E-06;2.962386E-06;2.762199E-07;3.891297E-06
"6237429";-1.113624E-05;-4.507118E-06;1.06938E-05;1.620505E-06;3.461572E-06;-5.084731E-07;-2.735492E-06;3.925935E-06;1.40484E-07;6.618091E-07;-2.649335E-06;-2.918645E-06
"6237430";-3.216684E-05;-1.666868E-05;-3.965318E-06;-1.160069E-06;4.463493E-06;-6.647977E-06;3.367385E-07;1.01836E-07;-3.825456E-06;-1.391751E-06;-8.892357E-07;5.193019E-07
"6237431";-1.024032E-05;-1.944442E-08;1.086945E-05;8.507273E-07;2.991083E-06;-2.80621E-06;-2.299417E-06;3.691721E-06;-3.586188E-07;-4.521692E-07;-2.285562E-06;-2.648994E-06
"6237467";-3.049502E-05;-5.586294E-05;7.821572E-06;1.801933E-05;-6.059771E-06;7.006272E-06;-1.635232E-06;-2.801992E-06;-2.948468E-06;-1.410225E-06;-3.421474E-06;-3.637568E-06
"6237468";1.764051E-05;-1.221444E-05;5.688755E-06;1.287858E-05;-5.501211E-06;1.745219E-05;-8.845695E-06;-4.417045E-06;-2.883774E-06;-1.060823E-06;-3.887983E-06;-1.27021E-06
"6237469";2.439618E-05;-2.962772E-06;-1.659154E-06;1.017405E-05;1.084822E-06;6.145821E-06;-8.582059E-06;-4.54171E-06;6.656691E-07;1.148529E-06;-8.572427E-07;3.48148E-06
"6237470";3.623127E-05;-4.384438E-05;-1.006062E-05;-6.388449E-06;1.091643E-05;7.291974E-06;2.990815E-07;-2.467877E-06;2.677744E-06;-1.170266E-06;-6.783385E-06;2.838672E-06
