{
    "__inputs": [
      {
        "name": "DS_PROMETHEUS",
        "label": "Prometheus",
        "description": "",
        "type": "datasource",
        "pluginId": "prometheus",
        "pluginName": "Prometheus"
      }
    ],
    "__requires": [
      {
        "type": "grafana",
        "id": "grafana",
        "name": "Grafana",
        "version": "7.3.7"
      },
      {
        "type": "panel",
        "id": "graph",
        "name": "Graph",
        "version": "5.0.0"
      },
      {
        "type": "datasource",
        "id": "prometheus",
        "name": "Prometheus",
        "version": "5.0.0"
      },
      {
        "type": "panel",
        "id": "singlestat",
        "name": "Singlestat",
        "version": "5.0.0"
      }
    ],
    "annotations": {
      "list": [
        {
          "builtIn": 1,
          "datasource": "-- Grafana --",
          "enable": true,
          "hide": true,
          "iconColor": "rgba(0, 211, 255, 1)",
          "name": "Annotations & Alerts",
          "type": "dashboard"
        }
      ]
    },
    "editable": true,
    "gnetId": null,
    "graphTooltip": 0,
    "id": null,
    "iteration": 1536950082067,
    "links": [],
    "panels": [
      {
        "cacheTimeout": null,
        "colorBackground": false,
        "colorValue": false,
        "colors": [
          "rgba(245, 54, 54, 0.9)",
          "rgba(237, 129, 40, 0.89)",
          "rgba(50, 172, 45, 0.97)"
        ],
        "datasource": "${DS_PROMETHEUS}",
        "format": "none",
        "gauge": {
          "maxValue": 100,
          "minValue": 0,
          "show": false,
          "thresholdLabels": false,
          "thresholdMarkers": true
        },
        "gridPos": {
          "h": 4,
          "w": 4,
          "x": 0,
          "y": 0
        },
        "height": 250,
        "id": 26,
        "interval": null,
        "links": [],
        "mappingType": 1,
        "mappingTypes": [
          {
            "name": "value to text",
            "value": 1
          },
          {
            "name": "range to text",
            "value": 2
          }
        ],
        "maxDataPoints": 100,
        "nullPointMode": "connected",
        "nullText": null,
        "postfix": "",
        "postfixFontSize": "50%",
        "prefix": "",
        "prefixFontSize": "50%",
        "rangeMaps": [
          {
            "from": "null",
            "text": "N/A",
            "to": "null"
          }
        ],
        "span": 2,
        "sparkline": {
          "fillColor": "rgba(31, 118, 189, 0.18)",
          "full": false,
          "lineColor": "rgb(31, 120, 193)",
          "show": false
        },
        "tableColumn": "",
        "targets": [
          {
            "expr": "sum(kafka_connect_worker_connector_count{strimzi_io_kind=~\"KafkaMirrorMaker2\",strimzi_io_cluster=\"$strimzi_mirror_maker_cluster_name\"})",
            "format": "time_series",
            "intervalFactor": 2,
            "refId": "A",
            "step": 40
          }
        ],
        "thresholds": "",
        "title": "Number of Connectors",
        "type": "singlestat",
        "valueFontSize": "200%",
        "valueMaps": [
          {
            "op": "=",
            "text": "N/A",
            "value": "null"
          }
        ],
        "valueName": "current"
      },
      {
        "cacheTimeout": null,
        "colorBackground": false,
        "colorValue": false,
        "colors": [
          "rgba(245, 54, 54, 0.9)",
          "rgba(237, 129, 40, 0.89)",
          "rgba(50, 172, 45, 0.97)"
        ],
        "datasource": "${DS_PROMETHEUS}",
        "format": "none",
        "gauge": {
          "maxValue": 100,
          "minValue": 0,
          "show": false,
          "thresholdLabels": false,
          "thresholdMarkers": true
        },
        "gridPos": {
          "h": 4,
          "w": 4,
          "x": 4,
          "y": 0
        },
        "id": 37,
        "interval": null,
        "links": [],
        "mappingType": 1,
        "mappingTypes": [
          {
            "name": "value to text",
            "value": 1
          },
          {
            "name": "range to text",
            "value": 2
          }
        ],
        "maxDataPoints": 100,
        "nullPointMode": "connected",
        "nullText": null,
        "postfix": "rps",
        "postfixFontSize": "50%",
        "prefix": "",
        "prefixFontSize": "50%",
        "rangeMaps": [
          {
            "from": "null",
            "text": "N/A",
            "to": "null"
          }
        ],
        "span": 2,
        "sparkline": {
          "fillColor": "rgba(31, 118, 189, 0.18)",
          "full": false,
          "lineColor": "rgb(31, 120, 193)",
          "show": false
        },
        "tableColumn": "",
        "targets": [
          {
            "expr": "sum(kafka_connect_mirror_mirrorsourceconnector_record_rate{strimzi_io_kind=~\"KafkaMirrorMaker2\",strimzi_io_cluster=\"$strimzi_mirror_maker_cluster_name\"})",
            "format": "time_series",
            "intervalFactor": 2,
            "refId": "A",
            "step": 40
          }
        ],
        "thresholds": "",
        "title": "Total record rate",
        "type": "singlestat",
        "valueFontSize": "200%",
        "valueMaps": [
          {
            "op": "=",
            "text": "N/A",
            "value": "null"
          }
        ],
        "valueName": "current"
      },
      {
        "aliasColors": {},
        "bars": false,
        "dashLength": 10,
        "dashes": false,
        "datasource": "${DS_PROMETHEUS}",
        "fill": 1,
        "gridPos": {
          "h": 8,
          "w": 8,
          "x": 8,
          "y": 0
        },
        "id": 28,
        "legend": {
          "avg": false,
          "current": false,
          "max": false,
          "min": false,
          "show": false,
          "total": false,
          "values": false
        },
        "lines": true,
        "linewidth": 1,
        "links": [],
        "nullPointMode": "null",
        "percentage": false,
        "pointradius": 5,
        "points": false,
        "renderer": "flot",
        "seriesOverrides": [],
        "spaceLength": 10,
        "span": 4,
        "stack": false,
        "steppedLine": false,
        "targets": [
          {
            "expr": "sum(rate(kafka_consumer_incoming_byte_total{strimzi_io_kind=~\"KafkaMirrorMaker2\",strimzi_io_cluster=\"$strimzi_mirror_maker_cluster_name\"}[1m]))",
            "format": "time_series",
            "hide": false,
            "intervalFactor": 2,
            "legendFormat": "{{kubernetes_pod_name}}",
            "metric": "",
            "refId": "A",
            "step": 4
          }
        ],
        "thresholds": [],
        "timeFrom": null,
        "timeShift": null,
        "title": "Incoming bytes",
        "tooltip": {
          "shared": true,
          "sort": 0,
          "value_type": "individual"
        },
        "type": "graph",
        "xaxis": {
          "buckets": null,
          "mode": "time",
          "name": null,
          "show": true,
          "values": []
        },
        "yaxes": [
          {
            "format": "bytes",
            "label": "Bytes/sec",
            "logBase": 1,
            "max": null,
            "min": "0",
            "show": true
          },
          {
            "format": "short",
            "label": null,
            "logBase": 1,
            "max": null,
            "min": null,
            "show": true
          }
        ],
        "yaxis": {
          "align": false,
          "alignLevel": null
        }
      },
      {
        "aliasColors": {},
        "bars": false,
        "dashLength": 10,
        "dashes": false,
        "datasource": "${DS_PROMETHEUS}",
        "fill": 1,
        "gridPos": {
          "h": 8,
          "w": 8,
          "x": 16,
          "y": 0
        },
        "id": 29,
        "legend": {
          "avg": false,
          "current": false,
          "max": false,
          "min": false,
          "show": false,
          "total": false,
          "values": false
        },
        "lines": true,
        "linewidth": 1,
        "links": [],
        "nullPointMode": "null",
        "percentage": false,
        "pointradius": 5,
        "points": false,
        "renderer": "flot",
        "seriesOverrides": [],
        "spaceLength": 10,
        "span": 4,
        "stack": false,
        "steppedLine": false,
        "targets": [
          {
            "expr": "sum(rate(kafka_producer_outgoing_byte_total{strimzi_io_kind=~\"KafkaMirrorMaker2\",strimzi_io_cluster=\"$strimzi_mirror_maker_cluster_name\"}[1m]))",
            "format": "time_series",
            "hide": false,
            "intervalFactor": 2,
            "legendFormat": "{{kubernetes_pod_name}}",
            "metric": "",
            "refId": "A",
            "step": 4
          }
        ],
        "thresholds": [],
        "timeFrom": null,
        "timeShift": null,
        "title": "Outgoing bytes",
        "tooltip": {
          "shared": true,
          "sort": 0,
          "value_type": "individual"
        },
        "type": "graph",
        "xaxis": {
          "buckets": null,
          "mode": "time",
          "name": null,
          "show": true,
          "values": []
        },
        "yaxes": [
          {
            "format": "bytes",
            "label": "Bytes/sec",
            "logBase": 1,
            "max": null,
            "min": "0",
            "show": true
          },
          {
            "format": "short",
            "label": null,
            "logBase": 1,
            "max": null,
            "min": null,
            "show": true
          }
        ],
        "yaxis": {
          "align": false,
          "alignLevel": null
        }
      },
      {
        "cacheTimeout": null,
        "datasource": "${DS_PROMETHEUS}",
        "fieldConfig": {
          "defaults": {
            "color": {
              "mode": "thresholds"
            },
            "custom": {},
            "mappings": [
              {
                "options": {
                  "match": "null",
                  "result": {
                    "text": "N/A"
                  }
                },
                "type": "special"
              }
            ],
            "thresholds": {
              "mode": "absolute",
              "steps": [
                {
                  "color": "green",
                  "value": null
                },
                {
                  "color": "red",
                  "value": 80
                }
              ]
            },
            "unit": "none"
          },
          "overrides": []
        },
        "gridPos": {
          "h": 4,
          "w": 4,
          "x": 0,
          "y": 4
        },
        "id": 27,
        "interval": null,
        "links": [],
        "maxDataPoints": 100,
        "options": {
          "colorMode": "none",
          "graphMode": "none",
          "justifyMode": "auto",
          "orientation": "horizontal",
          "reduceOptions": {
            "calcs": [
              "mean"
            ],
            "fields": "",
            "values": false
          },
          "text": {},
          "textMode": "auto"
        },
        "pluginVersion": "7.1.1",
        "targets": [
          {
            "expr": "sum(kafka_connect_worker_task_count{strimzi_io_kind=~\"KafkaMirrorMaker2\",strimzi_io_cluster=\"$strimzi_mirror_maker_cluster_name\"})",
            "format": "time_series",
            "intervalFactor": 2,
            "refId": "A",
            "step": 40
          }
        ],
        "title": "Number of Tasks",
        "type": "stat"
      },
      {
        "cacheTimeout": null,
        "colorBackground": false,
        "colorValue": false,
        "colors": [
          "#299c46",
          "rgba(237, 129, 40, 0.89)",
          "#d44a3a"
        ],
        "datasource": "${DS_PROMETHEUS}",
        "fieldConfig": {
          "defaults": {
            "color": {
              "mode": "thresholds"
            },
            "custom": {},
            "mappings": [
              {
                "options": {
                  "match": "null",
                  "result": {
                    "text": "N/A"
                  }
                },
                "type": "special"
              }
            ],
            "thresholds": {
              "mode": "absolute",
              "steps": [
                {
                  "color": "green",
                  "value": null
                },
                {
                  "color": "red",
                  "value": 80
                }
              ]
            },
            "unit": "Bps"
          },
          "overrides": []
        },
        "format": "Bps",
        "gauge": {
          "maxValue": 100,
          "minValue": 0,
          "show": false,
          "thresholdLabels": false,
          "thresholdMarkers": true
        },
        "gridPos": {
          "h": 4,
          "w": 4,
          "x": 4,
          "y": 4
        },
        "id": 38,
        "interval": null,
        "links": [],
        "mappingType": 1,
        "mappingTypes": [
          {
            "name": "value to text",
            "value": 1
          },
          {
            "name": "range to text",
            "value": 2
          }
        ],
        "maxDataPoints": 100,
        "nullPointMode": "connected",
        "nullText": null,
        "options": {
          "colorMode": "none",
          "graphMode": "none",
          "justifyMode": "auto",
          "orientation": "horizontal",
          "text": {},
          "textMode": "auto"
        },
        "pluginVersion": "8.0.3",
        "postfix": "",
        "postfixFontSize": "50%",
        "prefix": "",
        "prefixFontSize": "50%",
        "rangeMaps": [
          {
            "from": "null",
            "text": "N/A",
            "to": "null"
          }
        ],
        "sparkline": {
          "fillColor": "rgba(31, 118, 189, 0.18)",
          "full": false,
          "lineColor": "rgb(31, 120, 193)",
          "show": false,
          "ymax": null,
          "ymin": null
        },
        "tableColumn": "",
        "targets": [
          {
            "exemplar": true,
            "expr": "sum(kafka_connect_mirror_mirrorsourceconnector_byte_rate{strimzi_io_kind=~\"KafkaMirrorMaker2\",strimzi_io_cluster=\"$strimzi_mirror_maker_cluster_name\"})",
            "format": "time_series",
            "interval": "",
            "intervalFactor": 2,
            "legendFormat": "",
            "refId": "A",
            "step": 40
          }
        ],
        "thresholds": "",
        "title": "Total byte rate",
        "type": "singlestat",
        "valueFontSize": "100%",
        "valueMaps": [
          {
            "op": "=",
            "text": "N/A",
            "value": "null"
          }
        ],
        "valueName": "avg"
      },
      {
        "aliasColors": {},
        "bars": false,
        "dashLength": 10,
        "dashes": false,
        "datasource": "${DS_PROMETHEUS}",
  
        "fill": 1,
        "gridPos": {
          "h": 7,
          "w": 8,
          "x": 0,
          "y": 8
        },
        "id": 30,
        "legend": {
          "avg": false,
          "current": false,
          "max": false,
          "min": false,
          "show": true,
          "total": false,
          "values": false
        },
        "lines": true,
        "linewidth": 1,
        "links": [],
        "nullPointMode": "null",
        "percentage": false,
        "pointradius": 5,
        "points": false,
        "renderer": "flot",
        "seriesOverrides": [],
        "spaceLength": 10,
        "span": 4,
        "stack": false,
        "steppedLine": false,
        "targets": [
          {
            "expr": "sum(rate(container_cpu_usage_seconds_total{namespace=\"$kubernetes_namespace\",pod=~\"$strimzi_mirror_maker_cluster_name-mirrormaker2-.+\",container=\"$strimzi_mirror_maker_cluster_name-mirrormaker2\"}[5m])) by (pod)",
            "format": "time_series",
            "hide": false,
            "intervalFactor": 2,
            "legendFormat": "{{pod}}",
            "metric": "",
            "refId": "A",
            "step": 4
          }
        ],
        "thresholds": [],
        "timeFrom": null,
        "timeShift": null,
        "title": "CPU Usage",
        "tooltip": {
          "shared": true,
          "sort": 0,
          "value_type": "individual"
        },
        "type": "graph",
        "xaxis": {
          "buckets": null,
          "mode": "time",
          "name": null,
          "show": true,
          "values": []
        },
        "yaxes": [
          {
            "format": "short",
            "label": "Cores",
            "logBase": 1,
            "max": null,
            "min": null,
            "show": true
          },
          {
            "format": "short",
            "label": null,
            "logBase": 1,
            "max": null,
            "min": null,
            "show": true
          }
        ],
        "yaxis": {
          "align": false,
          "alignLevel": null
        }
      },
      {
        "aliasColors": {},
        "bars": false,
        "dashLength": 10,
        "dashes": false,
        "datasource": "${DS_PROMETHEUS}",
        "fill": 1,
        "fillGradient": 0,
        "gridPos": {
          "h": 7,
          "w": 8,
          "x": 8,
          "y": 8
        },
        "id": 31,
        "legend": {
          "avg": false,
          "current": false,
          "max": false,
          "min": false,
          "show": true,
          "total": false,
          "values": false
        },
        "lines": true,
        "linewidth": 1,
        "links": [],
        "nullPointMode": "null",
        "percentage": false,
        "pointradius": 5,
        "points": false,
        "renderer": "flot",
        "seriesOverrides": [],
        "spaceLength": 10,
        "span": 4,
        "stack": false,
        "steppedLine": false,
        "targets": [
          {
            "expr": "sum without(area)(jvm_memory_bytes_used{strimzi_io_kind=~\"KafkaMirrorMaker2\",strimzi_io_cluster=\"$strimzi_mirror_maker_cluster_name\"})",
            "format": "time_series",
            "hide": false,
            "intervalFactor": 2,
            "legendFormat": "{{kubernetes_pod_name}}",
            "metric": "",
            "refId": "A",
            "step": 4
          }
        ],
        "thresholds": [],
        "timeFrom": null,
        "timeShift": null,
        "title": "JVM Memory",
        "tooltip": {
          "shared": true,
          "sort": 0,
          "value_type": "individual"
        },
        "type": "graph",
        "xaxis": {
          "buckets": null,
          "mode": "time",
          "name": null,
          "show": true,
          "values": []
        },
        "yaxes": [
          {
            "format": "bytes",
            "label": "Memory",
            "logBase": 1,
            "max": null,
            "min": null,
            "show": true
          },
          {
            "format": "short",
            "label": null,
            "logBase": 1,
            "max": null,
            "min": null,
            "show": true
          }
        ],
        "yaxis": {
          "align": false,
          "alignLevel": null
        }
      },
      {
        "aliasColors": {},
        "bars": false,
        "dashLength": 10,
        "dashes": false,
        "datasource": "${DS_PROMETHEUS}",
        "fill": 1,
        "gridPos": {
          "h": 7,
          "w": 8,
          "x": 16,
          "y": 8
        },
        "id": 32,
        "legend": {
          "avg": false,
          "current": false,
          "max": false,
          "min": false,
          "show": true,
          "total": false,
          "values": false
        },
        "lines": true,
        "linewidth": 1,
        "links": [],
        "nullPointMode": "null",
        "percentage": false,
        "pointradius": 5,
        "points": false,
        "renderer": "flot",
        "seriesOverrides": [],
        "spaceLength": 10,
        "span": 4,
        "stack": false,
        "steppedLine": false,
        "targets": [
          {
            "expr": "sum without(gc)(rate(jvm_gc_collection_seconds_sum{strimzi_io_kind=~\"KafkaMirrorMaker2\",strimzi_io_cluster=\"$strimzi_mirror_maker_cluster_name\"}[5m]))",
            "format": "time_series",
            "hide": false,
            "intervalFactor": 2,
            "legendFormat": "{{kubernetes_pod_name}}",
            "metric": "",
            "refId": "A",
            "step": 4
          }
        ],
        "thresholds": [],
        "timeFrom": null,
        "timeShift": null,
        "title": "Time spent in GC",
        "tooltip": {
          "shared": true,
          "sort": 0,
          "value_type": "individual"
        },
        "type": "graph",
        "xaxis": {
          "buckets": null,
          "mode": "time",
          "name": null,
          "show": true,
          "values": []
        },
        "yaxes": [
          {
            "format": "percent",
            "label": "% time in GC",
            "logBase": 1,
            "max": null,
            "min": null,
            "show": true
          },
          {
            "format": "short",
            "label": null,
            "logBase": 1,
            "max": null,
            "min": null,
            "show": true
          }
        ],
        "yaxis": {
          "align": false,
          "alignLevel": null
        }
      },
      {
        "datasource": "${DS_PROMETHEUS}",
        "fieldConfig": {
          "defaults": {
            "color": {
              "mode": "thresholds"
            },
            "custom": {
              "align": "auto",
              "displayMode": "auto"
            },
            "mappings": [],
            "thresholds": {
              "mode": "absolute",
              "steps": [
                {
                  "color": "green",
                  "value": null
                },
                {
                  "color": "red",
                  "value": 80
                }
              ]
            }
          },
          "overrides": [
            {
              "matcher": {
                "id": "byName",
                "options": "partition"
              },
              "properties": [
                {
                  "id": "custom.width",
                  "value": 76
                }
              ]
            },
            {
              "matcher": {
                "id": "byName",
                "options": "Partition"
              },
              "properties": [
                {
                  "id": "custom.width",
                  "value": 76
                }
              ]
            },
            {
              "matcher": {
                "id": "byName",
                "options": "Current"
              },
              "properties": [
                {
                  "id": "custom.width",
                  "value": 65
                }
              ]
            },
            {
              "matcher": {
                "id": "byName",
                "options": "Average"
              },
              "properties": [
                {
                  "id": "custom.width",
                  "value": 70
                }
              ]
            },
            {
              "matcher": {
                "id": "byName",
                "options": "Min"
              },
              "properties": [
                {
                  "id": "custom.width",
                  "value": 45
                }
              ]
            },
            {
              "matcher": {
                "id": "byName",
                "options": "Max"
              },
              "properties": [
                {
                  "id": "custom.width",
                  "value": 41
                }
              ]
            },
            {
              "matcher": {
                "id": "byName",
                "options": "Time"
              },
              "properties": [
                {
                  "id": "custom.width",
                  "value": 146
                }
              ]
            }
          ]
        },
        "gridPos": {
          "h": 10,
          "w": 12,
          "x": 0,
          "y": 15
        },
        "id": 39,
        "options": {
          "frameIndex": 0,
          "showHeader": true,
          "sortBy": [
            {
              "desc": false,
              "displayName": "Time"
            }
          ]
        },
        "pluginVersion": "7.1.1",
        "targets": [
          {
            "exemplar": false,
            "expr": "sum(kafka_connect_mirror_mirrorsourceconnector_record_age_ms{strimzi_io_kind=~\"KafkaMirrorMaker2\",strimzi_io_cluster=\"$strimzi_mirror_maker_cluster_name\"}) by (partition, topic)",
            "format": "table",
            "instant": true,
            "interval": "",
            "legendFormat": "",
            "refId": "A"
          },
          {
            "exemplar": true,
            "expr": "sum(kafka_connect_mirror_mirrorsourceconnector_record_age_ms_avg{strimzi_io_kind=~\"KafkaMirrorMaker2\",strimzi_io_cluster=\"$strimzi_mirror_maker_cluster_name\"}) by (partition, topic)",
            "format": "table",
            "hide": false,
            "instant": true,
            "interval": "",
            "legendFormat": "",
            "refId": "B"
          },
          {
            "exemplar": true,
            "expr": "sum(kafka_connect_mirror_mirrorsourceconnector_record_age_ms_min{strimzi_io_kind=~\"KafkaMirrorMaker2\",strimzi_io_cluster=\"$strimzi_mirror_maker_cluster_name\"}) by (partition, topic)",
            "format": "table",
            "hide": false,
            "instant": true,
            "interval": "",
            "legendFormat": "",
            "refId": "C"
          },
          {
            "exemplar": true,
            "expr": "sum(kafka_connect_mirror_mirrorsourceconnector_record_age_ms_max{strimzi_io_kind=~\"KafkaMirrorMaker2\",strimzi_io_cluster=\"$strimzi_mirror_maker_cluster_name\"}) by (partition, topic)",
            "format": "table",
            "hide": false,
            "instant": true,
            "interval": "",
            "legendFormat": "",
            "refId": "D"
          }
        ],
        "title": "Record Age",
        "transformations": [
          {
            "id": "organize",
            "options": {
              "excludeByName": {},
              "indexByName": {
                "Time": 0,
                "Value": 3,
                "partition": 2,
                "topic": 1
              },
              "renameByName": {
                "Value": "Lag",
                "partition": "Partition",
                "topic": "Topic"
              }
            }
          },
          {
            "id": "merge",
            "options": {}
          },
          {
            "id": "organize",
            "options": {
              "excludeByName": {},
              "indexByName": {},
              "renameByName": {
                "Value #A": "Current",
                "Value #Avg": "Average",
                "Value #B": "Average",
                "Value #C": "Min",
                "Value #D": "Max",
                "partition": "Partition",
                "topic": "Topic",
                "{partition=\"2\", topic=\"my-cluster-source.kafka-test-apps\"}": "Min"
              }
            }
          }
        ],
        "type": "table"
      },
      {
        "datasource": "${DS_PROMETHEUS}",
        "fieldConfig": {
          "defaults": {
            "color": {
              "mode": "thresholds"
            },
            "custom": {
              "align": "auto",
              "displayMode": "auto"
            },
            "mappings": [],
            "thresholds": {
              "mode": "absolute",
              "steps": [
                {
                  "color": "green",
                  "value": null
                },
                {
                  "color": "red",
                  "value": 80
                }
              ]
            }
          },
          "overrides": [
            {
              "matcher": {
                "id": "byName",
                "options": "partition"
              },
              "properties": [
                {
                  "id": "custom.width",
                  "value": 76
                }
              ]
            },
            {
              "matcher": {
                "id": "byName",
                "options": "Partition"
              },
              "properties": [
                {
                  "id": "custom.width",
                  "value": 76
                }
              ]
            },
            {
              "matcher": {
                "id": "byName",
                "options": "Current"
              },
              "properties": [
                {
                  "id": "custom.width",
                  "value": 65
                }
              ]
            },
            {
              "matcher": {
                "id": "byName",
                "options": "Average"
              },
              "properties": [
                {
                  "id": "custom.width",
                  "value": 70
                }
              ]
            },
            {
              "matcher": {
                "id": "byName",
                "options": "Min"
              },
              "properties": [
                {
                  "id": "custom.width",
                  "value": 45
                }
              ]
            },
            {
              "matcher": {
                "id": "byName",
                "options": "Max"
              },
              "properties": [
                {
                  "id": "custom.width",
                  "value": 41
                }
              ]
            },
            {
              "matcher": {
                "id": "byName",
                "options": "Time"
              },
              "properties": [
                {
                  "id": "custom.width",
                  "value": 155
                }
              ]
            }
          ]
        },
        "gridPos": {
          "h": 5,
          "w": 12,
          "x": 12,
          "y": 15
        },
        "id": 40,
        "options": {
          "frameIndex": 0,
          "showHeader": true,
          "sortBy": [
            {
              "desc": false,
              "displayName": "Time"
            }
          ]
        },
        "pluginVersion": "7.1.1",
        "targets": [
          {
            "exemplar": false,
            "expr": "sum(kafka_connect_mirror_mirrorsourceconnector_replication_latency_ms{strimzi_io_kind=~\"KafkaMirrorMaker2\",strimzi_io_cluster=\"$strimzi_mirror_maker_cluster_name\"}) by (partition, topic)",
            "format": "table",
            "instant": true,
            "interval": "",
            "legendFormat": "",
            "refId": "A"
          },
          {
            "exemplar": true,
            "expr": "sum(kafka_connect_mirror_mirrorsourceconnector_replication_latency_ms_avg{strimzi_io_kind=~\"KafkaMirrorMaker2\",strimzi_io_cluster=\"$strimzi_mirror_maker_cluster_name\"}) by (partition, topic)",
            "format": "table",
            "hide": false,
            "instant": true,
            "interval": "",
            "legendFormat": "",
            "refId": "B"
          },
          {
            "exemplar": true,
            "expr": "sum(kafka_connect_mirror_mirrorsourceconnector_replication_latency_ms_min{strimzi_io_kind=~\"KafkaMirrorMaker2\",strimzi_io_cluster=\"$strimzi_mirror_maker_cluster_name\"}) by (partition, topic)",
            "format": "table",
            "hide": false,
            "instant": true,
            "interval": "",
            "legendFormat": "",
            "refId": "C"
          },
          {
            "exemplar": true,
            "expr": "sum(kafka_connect_mirror_mirrorsourceconnector_replication_latency_ms_max{strimzi_io_kind=~\"KafkaMirrorMaker2\",strimzi_io_cluster=\"$strimzi_mirror_maker_cluster_name\"}) by (partition, topic)",
            "format": "table",
            "hide": false,
            "instant": true,
            "interval": "",
            "legendFormat": "",
            "refId": "D"
          }
        ],
        "title": "Replication Latency",
        "transformations": [
          {
            "id": "organize",
            "options": {
              "excludeByName": {},
              "indexByName": {
                "Time": 0,
                "Value": 3,
                "partition": 2,
                "topic": 1
              },
              "renameByName": {
                "Value": "Lag",
                "partition": "Partition",
                "topic": "Topic"
              }
            }
          },
          {
            "id": "merge",
            "options": {}
          },
          {
            "id": "organize",
            "options": {
              "excludeByName": {},
              "indexByName": {},
              "renameByName": {
                "Value #A": "Current",
                "Value #Avg": "Average",
                "Value #B": "Average",
                "Value #C": "Min",
                "Value #D": "Max",
                "partition": "Partition",
                "topic": "Topic",
                "{partition=\"2\", topic=\"my-cluster-source.kafka-test-apps\"}": "Min"
              }
            }
          }
        ],
        "type": "table"
      },
      {
        "datasource": "${DS_PROMETHEUS}",
        "fieldConfig": {
          "defaults": {
            "color": {
              "mode": "thresholds"
            },
            "custom": {
              "align": "auto",
              "displayMode": "auto"
            },
            "mappings": [],
            "thresholds": {
              "mode": "absolute",
              "steps": [
                {
                  "color": "green",
                  "value": null
                },
                {
                  "color": "red",
                  "value": 80
                }
              ]
            }
          },
          "overrides": [
            {
              "matcher": {
                "id": "byName",
                "options": "partition"
              },
              "properties": [
                {
                  "id": "custom.width",
                  "value": 76
                }
              ]
            },
            {
              "matcher": {
                "id": "byName",
                "options": "Partition"
              },
              "properties": [
                {
                  "id": "custom.width",
                  "value": 76
                }
              ]
            },
            {
              "matcher": {
                "id": "byName",
                "options": "Current"
              },
              "properties": [
                {
                  "id": "custom.width",
                  "value": 65
                }
              ]
            },
            {
              "matcher": {
                "id": "byName",
                "options": "Average"
              },
              "properties": [
                {
                  "id": "custom.width",
                  "value": 70
                }
              ]
            },
            {
              "matcher": {
                "id": "byName",
                "options": "Min"
              },
              "properties": [
                {
                  "id": "custom.width",
                  "value": 45
                }
              ]
            },
            {
              "matcher": {
                "id": "byName",
                "options": "Max"
              },
              "properties": [
                {
                  "id": "custom.width",
                  "value": 41
                }
              ]
            },
            {
              "matcher": {
                "id": "byName",
                "options": "Time"
              },
              "properties": [
                {
                  "id": "custom.width",
                  "value": 155
                }
              ]
            },
            {
              "matcher": {
                "id": "byName",
                "options": "Source"
              },
              "properties": [
                {
                  "id": "custom.width",
                  "value": 267
                }
              ]
            }
          ]
        },
        "gridPos": {
          "h": 5,
          "w": 12,
          "x": 12,
          "y": 20
        },
        "id": 41,
        "options": {
          "frameIndex": 0,
          "showHeader": true,
          "sortBy": [
            {
              "desc": false,
              "displayName": "Time"
            }
          ]
        },
        "pluginVersion": "7.1.1",
        "targets": [
          {
            "exemplar": false,
            "expr": "sum(kafka_connect_mirror_mirrorcheckpointconnector_checkpoint_latency_ms{strimzi_io_kind=~\"KafkaMirrorMaker2\",strimzi_io_cluster=\"$strimzi_mirror_maker_cluster_name\"}) by (source, target)",
            "format": "table",
            "instant": true,
            "interval": "",
            "legendFormat": "",
            "refId": "A"
          },
          {
            "exemplar": true,
            "expr": "sum(kafka_connect_mirror_mirrorcheckpointconnector_checkpoint_latency_ms_avg{strimzi_io_kind=~\"KafkaMirrorMaker2\",strimzi_io_cluster=\"$strimzi_mirror_maker_cluster_name\"}) by (source, target)",
            "format": "table",
            "hide": false,
            "instant": true,
            "interval": "",
            "legendFormat": "",
            "refId": "B"
          },
          {
            "exemplar": true,
            "expr": "sum(kafka_connect_mirror_mirrorcheckpointconnector_checkpoint_latency_ms_min{strimzi_io_kind=~\"KafkaMirrorMaker2\",strimzi_io_cluster=\"$strimzi_mirror_maker_cluster_name\"}) by (source, target)",
            "format": "table",
            "hide": false,
            "instant": true,
            "interval": "",
            "legendFormat": "",
            "refId": "C"
          },
          {
            "exemplar": true,
            "expr": "sum(kafka_connect_mirror_mirrorcheckpointconnector_checkpoint_latency_ms_max{strimzi_io_kind=~\"KafkaMirrorMaker2\",strimzi_io_cluster=\"$strimzi_mirror_maker_cluster_name\"}) by (source, target)",
            "format": "table",
            "hide": false,
            "instant": true,
            "interval": "",
            "legendFormat": "",
            "refId": "D"
          }
        ],
        "title": "Offset Synchronization Latency",
        "transformations": [
          {
            "id": "organize",
            "options": {
              "excludeByName": {},
              "indexByName": {
                "Time": 0,
                "Value": 3,
                "partition": 2,
                "topic": 1
              },
              "renameByName": {
                "Value": "Lag",
                "partition": "Partition",
                "topic": "Topic"
              }
            }
          },
          {
            "id": "merge",
            "options": {}
          },
          {
            "id": "organize",
            "options": {
              "excludeByName": {},
              "indexByName": {},
              "renameByName": {
                "Value #A": "Current",
                "Value #Avg": "Average",
                "Value #B": "Average",
                "Value #C": "Min",
                "Value #D": "Max",
                "partition": "Partition",
                "source": "Source",
                "target": "Target",
                "topic": "Topic",
                "{partition=\"2\", topic=\"my-cluster-source.kafka-test-apps\"}": "Min"
              }
            }
          }
        ],
        "type": "table"
      },
      {
        "aliasColors": {},
        "bars": false,
        "dashLength": 10,
        "dashes": false,
        "datasource": "${DS_PROMETHEUS}",
  
        "fill": 1,
        "fillGradient": 0,
        "gridPos": {
          "h": 9,
          "w": 12,
          "x": 0,
          "y": 25
        },
        "hiddenSeries": false,
        "id": 34,
        "legend": {
          "avg": false,
          "current": false,
          "max": false,
          "min": false,
          "show": true,
          "total": false,
          "values": false
        },
        "lines": true,
        "linewidth": 1,
        "nullPointMode": "null",
        "options": {
          "alertThreshold": true
        },
        "percentage": false,
        "pluginVersion": "7.1.1",
        "pointradius": 2,
        "points": false,
        "renderer": "flot",
        "seriesOverrides": [],
        "spaceLength": 10,
        "stack": false,
        "steppedLine": false,
        "targets": [
          {
            "exemplar": true,
            "expr": "sum(kafka_consumer_fetch_manager_records_lag{strimzi_io_kind=~\"KafkaMirrorMaker2\",strimzi_io_cluster=\"$strimzi_mirror_maker_cluster_name\",clientid!~\"consumer-mirrormaker2-.*\"}) by (topic, partition)",
            "interval": "",
            "legendFormat": "{{topic}} (partition: {{partition}})",
            "refId": "A"
          }
        ],
        "thresholds": [],
        "timeFrom": null,
        "timeRegions": [],
        "timeShift": null,
        "title": "Consumer Lag",
        "tooltip": {
          "shared": true,
          "sort": 0,
          "value_type": "individual"
        },
        "type": "graph",
        "xaxis": {
          "buckets": null,
          "mode": "time",
          "name": null,
          "show": true,
          "values": []
        },
        "yaxes": [
          {
            "format": "short",
            "label": null,
            "logBase": 1,
            "max": null,
            "min": null,
            "show": true
          },
          {
            "format": "short",
            "label": null,
            "logBase": 1,
            "max": null,
            "min": null,
            "show": true
          }
        ],
        "yaxis": {
          "align": false,
          "alignLevel": null
        }
      },
      {
        "datasource": "${DS_PROMETHEUS}",
        "fieldConfig": {
          "defaults": {
            "color": {
              "mode": "thresholds"
            },
            "custom": {
              "align": "auto",
              "displayMode": "auto"
            },
            "mappings": [],
            "thresholds": {
              "mode": "absolute",
              "steps": [
                {
                  "color": "green",
                  "value": null
                },
                {
                  "color": "red",
                  "value": 80
                }
              ]
            }
          },
          "overrides": []
        },
        "gridPos": {
          "h": 9,
          "w": 12,
          "x": 12,
          "y": 25
        },
        "id": 36,
        "options": {
          "showHeader": true
        },
        "targets": [
          {
            "exemplar": true,
            "expr": "sum(kafka_consumer_fetch_manager_records_lag{strimzi_io_kind=~\"KafkaMirrorMaker2\",strimzi_io_cluster=\"$strimzi_mirror_maker_cluster_name\",clientid!~\"consumer-mirrormaker2-.*\"}) by (partition, topic)",
            "format": "table",
            "instant": true,
            "interval": "",
            "legendFormat": "{{topic}} (partition: {{partition}})",
            "refId": "A"
          }
        ],
        "title": "Consumer Lag",
        "transformations": [
          {
            "id": "organize",
            "options": {
              "excludeByName": {},
              "indexByName": {
                "Time": 0,
                "Value": 3,
                "partition": 2,
                "topic": 1
              },
              "renameByName": {
                "Value": "Lag",
                "partition": "Partition",
                "topic": "Topic"
              }
            }
          }
        ],
        "type": "table"
      }
    ],
    "refresh": "5s",
    "schemaVersion": 26,
    "style": "dark",
    "tags": [
      "Strimzi",
      "Kafka",
      "Kafka Mirror Maker 2"
    ],
    "templating": {
      "list": [
        {
          "allValue": null,
          "current": {
            "text": "",
            "value": ""
          },
          "datasource": "${DS_PROMETHEUS}",
          "hide": 0,
          "includeAll": false,
          "label": "Namespace",
          "multi": false,
          "name": "kubernetes_namespace",
          "options": [],
          "query": "query_result(kafka_connect_worker_connector_count{strimzi_io_kind=\"KafkaMirrorMaker2\"})",
          "refresh": 1,
          "regex": "/.*namespace=\"([^\"]*).*/",
          "sort": 0,
          "tagValuesQuery": "",
          "tags": [],
          "tagsQuery": "",
          "type": "query",
          "useTags": false
        },
        {
          "allValue": null,
          "current": {
            "text": "my-mirror-maker-2-cluster",
            "value": "my-mirror-maker-2-cluster"
          },
          "datasource": "${DS_PROMETHEUS}",
          "hide": 0,
          "includeAll": false,
          "label": "Cluster Name",
          "multi": false,
          "name": "strimzi_mirror_maker_cluster_name",
          "options": [],
          "query": "query_result(kafka_connect_worker_connector_count{namespace=\"$kubernetes_namespace\", strimzi_io_kind=\"KafkaMirrorMaker2\"})",
          "refresh": 1,
          "regex": "/.*strimzi_io_cluster=\"([^\"]*).*/",
          "sort": 0,
          "tagValuesQuery": "",
          "tags": [],
          "tagsQuery": "",
          "type": "query",
          "useTags": false
        }
      ]
    },
    "time": {
      "from": "now-1h",
      "to": "now"
    },
    "timepicker": {
      "refresh_intervals": [
        "5s",
        "10s",
        "30s",
        "1m",
        "5m",
        "15m",
        "30m",
        "1h",
        "2h",
        "1d"
      ],
      "time_options": [
        "5m",
        "15m",
        "1h",
        "6h",
        "12h",
        "24h",
        "2d",
        "7d",
        "30d"
      ]
    },
    "timezone": "",
  
    "title": "Strimzi Kafka Mirror Maker 2",
    "uid": "spCQwc0mz",
    "version": 6
  }