{
    "__inputs": [
      {
        "name": "DS_PROMETHEUS",
        "label": "Prometheus",
        "description": "",
        "type": "datasource",
        "pluginId": "prometheus",
        "pluginName": "Prometheus"
      }
    ],
    "__requires": [
      {
        "type": "grafana",
        "id": "grafana",
        "name": "Grafana",
        "version": "7.3.7"
      },
      {
        "type": "panel",
        "id": "graph",
        "name": "Graph",
        "version": "5.0.0"
      },
      {
        "type": "datasource",
        "id": "prometheus",
        "name": "Prometheus",
        "version": "5.0.0"
      },
      {
        "type": "panel",
        "id": "singlestat",
        "name": "Singlestat",
        "version": "5.0.0"
      },
      {
        "type": "panel",
        "id": "table",
        "name": "Table",
        "version": ""
      }
    ],
    "annotations": {
      "list": [
        {
          "builtIn": 1,
          "datasource": "-- Grafana --",
          "enable": true,
          "hide": true,
          "iconColor": "rgba(0, 211, 255, 1)",
          "name": "Annotations & Alerts",
          "type": "dashboard"
        }
      ]
    },
    "editable": true,
    "gnetId": null,
    "graphTooltip": 0,
    "id": null,
    "iteration": 1600638818861,
    "links": [],
    "panels": [
      {
        "cacheTimeout": null,
        "colorBackground": false,
        "colorValue": false,
        "colors": [
          "rgba(245, 54, 54, 0.9)",
          "rgba(237, 129, 40, 0.89)",
          "rgba(50, 172, 45, 0.97)"
        ],
        "datasource": "${DS_PROMETHEUS}",
        "format": "none",
        "gauge": {
          "maxValue": 100,
          "minValue": 0,
          "show": false,
          "thresholdLabels": false,
          "thresholdMarkers": true
        },
        "gridPos": {
          "h": 7,
          "w": 4,
          "x": 0,
          "y": 0
        },
        "height": 250,
        "id": 26,
        "interval": null,
        "links": [],
        "mappingType": 1,
        "mappingTypes": [
          {
            "name": "value to text",
            "value": 1
          },
          {
            "name": "range to text",
            "value": 2
          }
        ],
        "maxDataPoints": 100,
        "nullPointMode": "connected",
        "nullText": null,
        "postfix": "",
        "postfixFontSize": "50%",
        "prefix": "",
        "prefixFontSize": "50%",
        "rangeMaps": [
          {
            "from": "null",
            "text": "N/A",
            "to": "null"
          }
        ],
        "span": 2,
        "sparkline": {
          "fillColor": "rgba(31, 118, 189, 0.18)",
          "full": false,
          "lineColor": "rgb(31, 120, 193)",
          "show": false
        },
        "tableColumn": "",
        "targets": [
          {
            "expr": "sum(kafka_connect_worker_connector_count{strimzi_io_kind=~\"KafkaConnect.*\",strimzi_io_cluster=\"$strimzi_connect_cluster_name\"})",
            "format": "time_series",
            "intervalFactor": 2,
            "refId": "A",
            "step": 40
          }
        ],
        "thresholds": "",
        "title": "Number of Connectors",
        "type": "singlestat",
        "valueFontSize": "200%",
        "valueMaps": [
          {
            "op": "=",
            "text": "N/A",
            "value": "null"
          }
        ],
        "valueName": "current"
      },
      {
        "cacheTimeout": null,
        "colorBackground": false,
        "colorValue": false,
        "colors": [
          "rgba(245, 54, 54, 0.9)",
          "rgba(237, 129, 40, 0.89)",
          "rgba(50, 172, 45, 0.97)"
        ],
        "datasource": "${DS_PROMETHEUS}",
        "format": "none",
        "gauge": {
          "maxValue": 100,
          "minValue": 0,
          "show": false,
          "thresholdLabels": false,
          "thresholdMarkers": true
        },
        "gridPos": {
          "h": 7,
          "w": 4,
          "x": 4,
          "y": 0
        },
        "id": 27,
        "interval": null,
        "links": [],
        "mappingType": 1,
        "mappingTypes": [
          {
            "name": "value to text",
            "value": 1
          },
          {
            "name": "range to text",
            "value": 2
          }
        ],
        "maxDataPoints": 100,
        "nullPointMode": "connected",
        "nullText": null,
        "postfix": "",
        "postfixFontSize": "50%",
        "prefix": "",
        "prefixFontSize": "50%",
        "rangeMaps": [
          {
            "from": "null",
            "text": "N/A",
            "to": "null"
          }
        ],
        "span": 2,
        "sparkline": {
          "fillColor": "rgba(31, 118, 189, 0.18)",
          "full": false,
          "lineColor": "rgb(31, 120, 193)",
          "show": false
        },
        "tableColumn": "",
        "targets": [
          {
            "expr": "sum(kafka_connect_worker_task_count{strimzi_io_kind=~\"KafkaConnect.*\",strimzi_io_cluster=\"$strimzi_connect_cluster_name\"})",
            "format": "time_series",
            "intervalFactor": 2,
            "refId": "A",
            "step": 40
          }
        ],
        "thresholds": "",
        "title": "Number of Tasks",
        "type": "singlestat",
        "valueFontSize": "200%",
        "valueMaps": [
          {
            "op": "=",
            "text": "N/A",
            "value": "null"
          }
        ],
        "valueName": "current"
      },
      {
        "aliasColors": {},
        "bars": false,
        "dashLength": 10,
        "dashes": false,
        "datasource": "${DS_PROMETHEUS}",
        "fill": 1,
        "gridPos": {
          "h": 7,
          "w": 8,
          "x": 8,
          "y": 0
        },
        "id": 28,
        "legend": {
          "avg": false,
          "current": false,
          "max": false,
          "min": false,
          "show": true,
          "total": false,
          "values": false
        },
        "lines": true,
        "linewidth": 1,
        "links": [],
        "nullPointMode": "null",
        "percentage": false,
        "pointradius": 5,
        "points": false,
        "renderer": "flot",
        "seriesOverrides": [],
        "spaceLength": 10,
        "stack": true,
        "steppedLine": false,
        "targets": [
          {
            "expr": "sum(rate(kafka_consumer_incoming_byte_total{strimzi_io_kind=~\"KafkaConnect.*\",strimzi_io_cluster=\"$strimzi_connect_cluster_name\"}[1m])) by (kubernetes_pod_name)",
            "interval": "",
            "legendFormat": "{{kubernetes_pod_name}}",
            "refId": "A"
          }
        ],
        "thresholds": [],
        "timeFrom": null,
        "timeShift": null,
        "title": "(Sink/Consumers) Incoming bytes per second",
        "tooltip": {
          "shared": true,
          "sort": 0,
          "value_type": "individual"
        },
        "type": "graph",
        "xaxis": {
          "buckets": null,
          "mode": "time",
          "name": null,
          "show": true,
          "values": []
        },
        "yaxes": [
          {
            "format": "Bps",
            "label": "Bytes/sec",
            "logBase": 1,
            "max": null,
            "min": "0",
            "show": true
          },
          {
            "format": "short",
            "label": null,
            "logBase": 1,
            "max": null,
            "min": null,
            "show": true
          }
        ],
        "yaxis": {
          "align": false,
          "alignLevel": null
        }
      },
      {
        "aliasColors": {},
        "bars": false,
        "dashLength": 10,
        "dashes": false,
        "datasource": "${DS_PROMETHEUS}",
        "fill": 1,
        "gridPos": {
          "h": 7,
          "w": 8,
          "x": 16,
          "y": 0
        },
        "id": 29,
        "legend": {
          "avg": false,
          "current": false,
          "max": false,
          "min": false,
          "show": true,
          "total": false,
          "values": false
        },
        "lines": true,
        "linewidth": 1,
        "links": [],
        "nullPointMode": "null",
        "percentage": false,
        "pointradius": 5,
        "points": false,
        "renderer": "flot",
        "seriesOverrides": [],
        "spaceLength": 10,
        "stack": true,
        "steppedLine": false,
        "targets": [
          {
            "expr": "sum(rate(kafka_producer_outgoing_byte_total{strimzi_io_kind=~\"KafkaConnect.*\",strimzi_io_cluster=\"$strimzi_connect_cluster_name\"}[1m])) by (kubernetes_pod_name)",
            "interval": "",
            "legendFormat": "{{kubernetes_pod_name}}",
            "refId": "A"
          }
        ],
        "thresholds": [],
        "timeFrom": null,
        "timeShift": null,
        "title": "(Source/Producers) Outgoing bytes per second",
        "tooltip": {
          "shared": true,
          "sort": 0,
          "value_type": "individual"
        },
        "type": "graph",
        "xaxis": {
          "buckets": null,
          "mode": "time",
          "name": null,
          "show": true,
          "values": []
        },
        "yaxes": [
          {
            "format": "Bps",
            "label": "Bytes/sec",
            "logBase": 1,
            "max": null,
            "min": "0",
            "show": true
          },
          {
            "format": "short",
            "label": null,
            "logBase": 1,
            "max": null,
            "min": null,
            "show": true
          }
        ],
        "yaxis": {
          "align": false,
          "alignLevel": null
        }
      },
      {
        "aliasColors": {},
        "bars": false,
        "dashLength": 10,
        "dashes": false,
        "datasource": "${DS_PROMETHEUS}",
        "fill": 1,
        "gridPos": {
          "h": 7,
          "w": 6,
          "x": 0,
          "y": 7
        },
        "id": 30,
        "legend": {
          "avg": false,
          "current": false,
          "max": false,
          "min": false,
          "show": true,
          "total": false,
          "values": false
        },
        "lines": true,
        "linewidth": 1,
        "links": [],
        "nullPointMode": "null",
        "percentage": false,
        "pointradius": 5,
        "points": false,
        "renderer": "flot",
        "seriesOverrides": [],
        "spaceLength": 10,
        "span": 4,
        "stack": false,
        "steppedLine": false,
        "targets": [
          {
            "expr": "sum(rate(container_cpu_usage_seconds_total{namespace=\"$kubernetes_namespace\",pod=~\"$strimzi_connect_cluster_name-connect-.+\",container=\"$strimzi_connect_cluster_name-connect\"}[5m])) by (pod)",
            "format": "time_series",
            "hide": false,
            "intervalFactor": 2,
            "legendFormat": "{{pod}}",
            "metric": "",
            "refId": "A",
            "step": 4
          }
        ],
        "thresholds": [],
        "timeFrom": null,
        "timeShift": null,
        "title": "CPU Usage",
        "tooltip": {
          "shared": true,
          "sort": 0,
          "value_type": "individual"
        },
        "type": "graph",
        "xaxis": {
          "buckets": null,
          "mode": "time",
          "name": null,
          "show": true,
          "values": []
        },
        "yaxes": [
          {
            "format": "short",
            "label": "Cores",
            "logBase": 1,
            "max": null,
            "min": null,
            "show": true
          },
          {
            "format": "short",
            "label": null,
            "logBase": 1,
            "max": null,
            "min": null,
            "show": true
          }
        ],
        "yaxis": {
          "align": false,
          "alignLevel": null
        }
      },
      {
        "aliasColors": {},
        "bars": false,
        "dashLength": 10,
        "dashes": false,
        "datasource": "${DS_PROMETHEUS}",
        "fill": 1,
        "gridPos": {
          "h": 7,
          "w": 6,
          "x": 6,
          "y": 7
        },
        "id": 31,
        "legend": {
          "avg": false,
          "current": false,
          "max": false,
          "min": false,
          "show": true,
          "total": false,
          "values": false
        },
        "lines": true,
        "linewidth": 1,
        "links": [],
        "nullPointMode": "null",
        "percentage": false,
        "pointradius": 5,
        "points": false,
        "renderer": "flot",
        "seriesOverrides": [],
        "spaceLength": 10,
        "span": 4,
        "stack": false,
        "steppedLine": false,
        "targets": [
          {
            "expr": "sum without(area)(jvm_memory_bytes_used{strimzi_io_kind=~\"KafkaConnect.*\",strimzi_io_cluster=\"$strimzi_connect_cluster_name\"})",
            "format": "time_series",
            "hide": false,
            "intervalFactor": 2,
            "legendFormat": "{{kubernetes_pod_name}}",
            "metric": "",
            "refId": "A",
            "step": 4
          }
        ],
        "thresholds": [],
        "timeFrom": null,
        "timeShift": null,
        "title": "JVM Memory",
        "tooltip": {
          "shared": true,
          "sort": 0,
          "value_type": "individual"
        },
        "type": "graph",
        "xaxis": {
          "buckets": null,
          "mode": "time",
          "name": null,
          "show": true,
          "values": []
        },
        "yaxes": [
          {
            "format": "bytes",
            "label": "Memory",
            "logBase": 1,
            "max": null,
            "min": null,
            "show": true
          },
          {
            "format": "short",
            "label": null,
            "logBase": 1,
            "max": null,
            "min": null,
            "show": true
          }
        ],
        "yaxis": {
          "align": false,
          "alignLevel": null
        }
      },
      {
        "aliasColors": {},
        "bars": false,
        "dashLength": 10,
        "dashes": false,
        "datasource": "${DS_PROMETHEUS}",
        "fill": 1,
        "gridPos": {
          "h": 7,
          "w": 6,
          "x": 12,
          "y": 7
        },
        "id": 32,
        "legend": {
          "avg": false,
          "current": false,
          "max": false,
          "min": false,
          "show": true,
          "total": false,
          "values": false
        },
        "lines": true,
        "linewidth": 1,
        "links": [],
        "nullPointMode": "null",
        "percentage": false,
        "pointradius": 5,
        "points": false,
        "renderer": "flot",
        "seriesOverrides": [],
        "spaceLength": 10,
        "span": 4,
        "stack": false,
        "steppedLine": false,
        "targets": [
          {
            "expr": "sum without(gc)(rate(jvm_gc_collection_seconds_sum{strimzi_io_kind=~\"KafkaConnect.*\",strimzi_io_cluster=\"$strimzi_connect_cluster_name\"}[5m]))",
            "format": "time_series",
            "hide": false,
            "intervalFactor": 2,
            "legendFormat": "{{kubernetes_pod_name}}",
            "metric": "",
            "refId": "A",
            "step": 4
          }
        ],
        "thresholds": [],
        "timeFrom": null,
        "timeShift": null,
        "title": "Time spent in GC",
        "tooltip": {
          "shared": true,
          "sort": 0,
          "value_type": "individual"
        },
        "type": "graph",
        "xaxis": {
          "buckets": null,
          "mode": "time",
          "name": null,
          "show": true,
          "values": []
        },
        "yaxes": [
          {
            "format": "percent",
            "label": "% time in GC",
            "logBase": 1,
            "max": null,
            "min": null,
            "show": true
          },
          {
            "format": "short",
            "label": null,
            "logBase": 1,
            "max": null,
            "min": null,
            "show": true
          }
        ],
        "yaxis": {
          "align": false,
          "alignLevel": null
        }
      },
      {
        "aliasColors": {},
        "bars": false,
        "dashLength": 10,
        "dashes": false,
        "datasource": "${DS_PROMETHEUS}",
        "description": "JVM thread count",
        "fill": 1,
        "gridPos": {
          "h": 7,
          "w": 6,
          "x": 18,
          "y": 7
        },
        "id": 37,
        "legend": {
          "avg": false,
          "current": false,
          "max": false,
          "min": false,
          "show": true,
          "total": false,
          "values": false
        },
        "lines": true,
        "linewidth": 1,
        "links": [],
        "nullPointMode": "null",
        "paceLength": 10,
        "percentage": false,
        "pointradius": 5,
        "points": false,
        "renderer": "flot",
        "seriesOverrides": [],
        "spaceLength": 10,
        "stack": false,
        "steppedLine": false,
        "targets": [
          {
            "expr": "jvm_threads_current{namespace=\"$kubernetes_namespace\",strimzi_io_kind=~\"KafkaConnect.*\",strimzi_io_cluster=\"$strimzi_connect_cluster_name\"}",
            "format": "time_series",
            "intervalFactor": 1,
            "legendFormat": "{{kubernetes_pod_name}}",
            "refId": "A"
          }
        ],
        "thresholds": [],
        "timeFrom": null,
        "timeShift": null,
        "title": "JVM Thread Count",
        "tooltip": {
          "shared": true,
          "sort": 0,
          "value_type": "individual"
        },
        "type": "graph",
        "xaxis": {
          "buckets": null,
          "mode": "time",
          "name": null,
          "show": true,
          "values": []
        },
        "yaxes": [
          {
            "format": "short",
            "label": null,
            "logBase": 1,
            "max": null,
            "min": null,
            "show": true
          },
          {
            "format": "short",
            "label": null,
            "logBase": 1,
            "max": null,
            "min": null,
            "show": true
          }
        ],
        "yaxis": {
          "align": false,
          "alignLevel": null
        }
      },
      {
        "cacheTimeout": null,
        "columns": [],
        "datasource": "${DS_PROMETHEUS}",
        "fontSize": "100%",
        "gridPos": {
          "h": 7,
          "w": 8,
          "x": 0,
          "y": 14
        },
        "id": 34,
        "links": [],
        "pageSize": null,
        "showHeader": true,
        "sort": {
          "col": 0,
          "desc": true
        },
        "styles": [
          {
            "alias": "Time",
            "align": "auto",
            "dateFormat": "YYYY-MM-DD HH:mm:ss",
            "pattern": "Time",
            "type": "date"
          },
          {
            "alias": "Tasks",
            "align": "auto",
            "colorMode": null,
            "colors": [
              "rgba(245, 54, 54, 0.9)",
              "rgba(237, 129, 40, 0.89)",
              "rgba(50, 172, 45, 0.97)"
            ],
            "dateFormat": "YYYY-MM-DD HH:mm:ss",
            "decimals": null,
            "mappingType": 1,
            "pattern": "Value",
            "thresholds": [],
            "type": "number",
            "unit": "short"
          },
          {
            "alias": "Connector",
            "align": "auto",
            "colorMode": null,
            "colors": [
              "rgba(245, 54, 54, 0.9)",
              "rgba(237, 129, 40, 0.89)",
              "rgba(50, 172, 45, 0.97)"
            ],
            "decimals": 0,
            "pattern": "Metric",
            "thresholds": [],
            "type": "number",
            "unit": "short"
          }
        ],
        "targets": [
          {
            "expr": "sum(kafka_connect_worker_connector_paused_task_count{namespace=\"$kubernetes_namespace\",strimzi_io_kind=~\"KafkaConnect.*\",strimzi_io_cluster=\"$strimzi_connect_cluster_name\"}) by (connector) != 0",
            "instant": true,
            "interval": "",
            "legendFormat": "[paused] {{connector}}",
            "refId": "B"
          },
          {
            "expr": "sum(kafka_connect_worker_connector_failed_task_count{namespace=\"$kubernetes_namespace\",strimzi_io_kind=~\"KafkaConnect.*\",strimzi_io_cluster=\"$strimzi_connect_cluster_name\"}) by (connector) != 0",
            "instant": true,
            "interval": "",
            "legendFormat": "[failed] {{connector}}",
            "refId": "A"
          },
          {
            "expr": "sum(kafka_connect_worker_connector_unassigned_task_count{namespace=\"$kubernetes_namespace\",strimzi_io_kind=~\"KafkaConnect.*\",strimzi_io_cluster=\"$strimzi_connect_cluster_name\"}) by (connector) != 0",
            "instant": true,
            "interval": "",
            "legendFormat": "[unassigned] {{connector}}",
            "refId": "C"
          },
          {
            "expr": "sum(kafka_connect_worker_connector_destroyed_task_count{namespace=\"$kubernetes_namespace\",strimzi_io_kind=~\"KafkaConnect.*\",strimzi_io_cluster=\"$strimzi_connect_cluster_name\"}) by (connector) != 0",
            "instant": true,
            "interval": "",
            "legendFormat": "[destroyed] {{connector}}",
            "refId": "D"
          }
        ],
        "title": "Connector task state with issues",
        "transform": "timeseries_to_rows",
        "type": "table"
      },
      {
        "aliasColors": {},
        "bars": false,
        "dashLength": 10,
        "dashes": false,
        "datasource": "${DS_PROMETHEUS}",
        "fill": 1,
        "gridPos": {
          "h": 7,
          "w": 8,
          "x": 8,
          "y": 14
        },
        "id": 35,
        "legend": {
          "avg": false,
          "current": false,
          "max": false,
          "min": false,
          "show": true,
          "total": false,
          "values": false
        },
        "lines": true,
        "linewidth": 1,
        "links": [],
        "nullPointMode": "null",
        "percentage": false,
        "pluginVersion": "6.7.1",
        "pointradius": 5,
        "points": false,
        "renderer": "flot",
        "seriesOverrides": [],
        "spaceLength": 10,
        "span": 4,
        "stack": false,
        "steppedLine": false,
        "targets": [
          {
            "expr": "sum(kafka_connect_worker_connector_running_task_count{strimzi_io_kind=~\"KafkaConnect.*\",strimzi_io_cluster=\"$strimzi_connect_cluster_name\"})",
            "format": "time_series",
            "hide": false,
            "instant": false,
            "interval": "",
            "intervalFactor": 1,
            "legendFormat": "running",
            "metric": "",
            "refId": "A",
            "step": 4
          },
          {
            "expr": "sum(kafka_connect_worker_connector_paused_task_count{strimzi_io_kind=~\"KafkaConnect.*\",strimzi_io_cluster=\"$strimzi_connect_cluster_name\"})",
            "interval": "",
            "legendFormat": "paused",
            "refId": "B"
          },
          {
            "expr": "sum(kafka_connect_worker_connector_failed_task_count{strimzi_io_kind=~\"KafkaConnect.*\",strimzi_io_cluster=\"$strimzi_connect_cluster_name\"})",
            "interval": "",
            "legendFormat": "failed",
            "refId": "D"
          },
          {
            "expr": "sum(kafka_connect_worker_connector_unassigned_task_count{strimzi_io_kind=~\"KafkaConnect.*\",strimzi_io_cluster=\"$strimzi_connect_cluster_name\"})",
            "interval": "",
            "legendFormat": "unassigned",
            "refId": "C"
          },
          {
            "expr": "sum(kafka_connect_worker_connector_destroyed_task_count{strimzi_io_kind=~\"KafkaConnect.*\",strimzi_io_cluster=\"$strimzi_connect_cluster_name\"})",
            "instant": false,
            "interval": "",
            "legendFormat": "destroyed",
            "refId": "E"
          }
        ],
        "thresholds": [],
        "timeFrom": null,
        "timeShift": null,
        "title": "Connector task state",
        "tooltip": {
          "shared": true,
          "sort": 0,
          "value_type": "individual"
        },
        "type": "graph",
        "xaxis": {
          "buckets": null,
          "mode": "time",
          "name": null,
          "show": true,
          "values": []
        },
        "yaxes": [
          {
            "decimals": 0,
            "format": "short",
            "label": "Number of connector tasks",
            "logBase": 1,
            "max": null,
            "min": null,
            "show": true
          },
          {
            "decimals": null,
            "format": "short",
            "label": null,
            "logBase": 1,
            "max": null,
            "min": null,
            "show": true
          }
        ],
        "yaxis": {
          "align": false,
          "alignLevel": null
        }
      },
      {
        "aliasColors": {},
        "bars": false,
        "dashLength": 10,
        "dashes": false,
        "datasource": "${DS_PROMETHEUS}",
        "fill": 1,
        "gridPos": {
          "h": 7,
          "w": 8,
          "x": 16,
          "y": 14
        },
        "id": 36,
        "legend": {
          "avg": false,
          "current": false,
          "max": false,
          "min": false,
          "show": true,
          "total": false,
          "values": false
        },
        "lines": true,
        "linewidth": 1,
        "nullPointMode": "null",
        "percentage": false,
        "pointradius": 2,
        "points": false,
        "renderer": "flot",
        "seriesOverrides": [],
        "spaceLength": 10,
        "stack": false,
        "steppedLine": false,
        "targets": [
          {
            "expr": "sum(kafka_consumer_connection_count{strimzi_io_kind=~\"KafkaConnect.*\",strimzi_io_cluster=\"$strimzi_connect_cluster_name\"})",
            "hide": false,
            "interval": "",
            "legendFormat": "#consumer connections",
            "refId": "A"
          },
          {
            "expr": "sum(kafka_producer_connection_count{strimzi_io_kind=~\"KafkaConnect.*\",strimzi_io_cluster=\"$strimzi_connect_cluster_name\"})",
            "interval": "",
            "legendFormat": "#producer connections",
            "refId": "B"
          }
        ],
        "thresholds": [],
        "timeFrom": null,
        "timeShift": null,
        "title": "Connection count",
        "tooltip": {
          "shared": true,
          "sort": 0,
          "value_type": "individual"
        },
        "type": "graph",
        "xaxis": {
          "buckets": null,
          "mode": "time",
          "name": null,
          "show": true,
          "values": []
        },
        "yaxes": [
          {
            "decimals": 0,
            "format": "short",
            "label": null,
            "logBase": 1,
            "max": null,
            "min": null,
            "show": true
          },
          {
            "format": "short",
            "label": null,
            "logBase": 1,
            "max": null,
            "min": null,
            "show": true
          }
        ],
        "yaxis": {
          "align": false,
          "alignLevel": null
        }
      },
      {
        "datasource": "${DS_PROMETHEUS}",
        "fieldConfig": {
          "defaults": {
            "color": {
              "mode": "thresholds"
            },
            "custom": {
              "align": "left",
              "displayMode": "color-text",
              "filterable": false
            },
            "mappings": [],
            "thresholds": {
              "mode": "absolute",
              "steps": [
                {
                  "color": "green",
                  "value": null
                },
                {
                  "color": "red",
                  "value": 80
                }
              ]
            }
          },
          "overrides": [
            {
              "matcher": {
                "id": "byName",
                "options": "status"
              },
              "properties": [
                {
                  "id": "custom.displayMode",
                  "value": "color-background"
                }
              ]
            },
            {
              "matcher": {
                "id": "byName",
                "options": "Connector"
              },
              "properties": [
                {
                  "id": "color",
                  "value": {
                    "fixedColor": "text",
                    "mode": "fixed"
                  }
                }
              ]
            },
            {
              "matcher": {
                "id": "byName",
                "options": "Time"
              },
              "properties": [
                {
                  "id": "color",
                  "value": {
                    "fixedColor": "text",
                    "mode": "fixed"
                  }
                }
              ]
            }
          ]
        },
        "gridPos": {
          "h": 8,
          "w": 12,
          "x": 0,
          "y": 22
        },
        "id": 42,
        "options": {
          "showHeader": true,
          "sortBy": [
            {
              "desc": true,
              "displayName": "Value #A"
            }
          ]
        },
        "pluginVersion": "8.1.2",
        "targets": [
          {
            "exemplar": true,
            "expr": "count by (status, connector) (kafka_connect_connector_status{strimzi_io_kind=~\"KafkaConnect.*\",strimzi_io_cluster=\"$strimzi_connect_cluster_name\"})",
            "format": "table",
            "instant": true,
            "interval": "",
            "intervalFactor": 1,
            "legendFormat": "",
            "refId": "A"
          }
        ],
        "title": "Connector Status",
        "transformations": [
          {
            "id": "filterFieldsByName",
            "options": {
              "include": {
                "names": [
                  "Time",
                  "connector",
                  "status"
                ]
              }
            }
          },
          {
            "id": "organize",
            "options": {
              "excludeByName": {},
              "indexByName": {
                "Time": 2,
                "connector": 0,
                "status": 1
              },
              "renameByName": {
                "Time": "Update Time",
                "connector": "Connector",
                "status": "Status"
              }
            }
          }
        ],
        "type": "table"
      },
      {
        "datasource": "${DS_PROMETHEUS}",
        "fieldConfig": {
          "defaults": {
            "color": {
              "mode": "thresholds"
            },
            "custom": {
              "align": "auto",
              "displayMode": "auto"
            },
            "mappings": [],
            "thresholds": {
              "mode": "absolute",
              "steps": [
                {
                  "color": "green",
                  "value": null
                },
                {
                  "color": "red",
                  "value": 80
                }
              ]
            }
          },
          "overrides": [
            {
              "matcher": {
                "id": "byName",
                "options": "status"
              },
              "properties": [
                {
                  "id": "custom.displayMode",
                  "value": "color-background"
                }
              ]
            }
          ]
        },
        "gridPos": {
          "h": 8,
          "w": 12,
          "x": 12,
          "y": 22
        },
        "id": 41,
        "options": {
          "showHeader": true
        },
        "pluginVersion": "8.1.2",
        "targets": [
          {
            "exemplar": true,
            "expr": "count by (connector, task, status) (kafka_connect_connector_task_status{strimzi_io_kind=~\"KafkaConnect.*\",strimzi_io_cluster=\"$strimzi_connect_cluster_name\"})",
            "format": "table",
            "instant": true,
            "interval": "",
            "legendFormat": "",
            "refId": "A"
          }
        ],
        "title": "Connector Task Status",
        "transformations": [
          {
            "id": "filterFieldsByName",
            "options": {
              "include": {
                "names": [
                  "Time",
                  "connector",
                  "status",
                  "task"
                ]
              }
            }
          },
          {
            "id": "organize",
            "options": {
              "excludeByName": {},
              "indexByName": {
                "Time": 3,
                "connector": 0,
                "status": 2,
                "task": 1
              },
              "renameByName": {
                "Time": "Update Time",
                "connector": "Connector",
                "status": "Status",
                "task": "Task"
              }
            }
          }
        ],
        "type": "table"
      }
    ],
    "refresh": "5s",
    "schemaVersion": 21,
    "style": "dark",
    "tags": [
      "Strimzi",
      "Kafka",
      "Kafka Connect"
    ],
    "templating": {
      "list": [
        {
          "allValue": null,
          "current": {},
          "datasource": "${DS_PROMETHEUS}",
          "hide": 0,
          "includeAll": false,
          "label": "Namespace",
          "multi": false,
          "name": "kubernetes_namespace",
          "options": [],
          "query": "query_result(kafka_connect_worker_connector_count{strimzi_io_kind=~\"KafkaConnect.*\"})",
          "refresh": 1,
          "regex": "/.*namespace=\"([^\"]*).*/",
          "sort": 0,
          "tagValuesQuery": "",
          "tags": [],
          "tagsQuery": "",
          "type": "query",
          "useTags": false
        },
        {
          "allValue": null,
          "current": {},
          "datasource": "${DS_PROMETHEUS}",
          "hide": 0,
          "includeAll": false,
          "label": "Cluster Name",
          "multi": false,
          "name": "strimzi_connect_cluster_name",
          "options": [],
          "query": "query_result(kafka_connect_worker_connector_count{namespace=\"$kubernetes_namespace\", strimzi_io_kind=~\"KafkaConnect.*\"})",
          "refresh": 1,
          "regex": "/.*strimzi_io_cluster=\"([^\"]*).*/",
          "sort": 0,
          "tagValuesQuery": "",
          "tags": [],
          "tagsQuery": "",
          "type": "query",
          "useTags": false
        }
      ]
    },
    "time": {
      "from": "now-1h",
      "to": "now"
    },
    "timepicker": {
      "refresh_intervals": [
        "5s",
        "10s",
        "30s",
        "1m",
        "5m",
        "15m",
        "30m",
        "1h",
        "2h",
        "1d"
      ],
      "time_options": [
        "5m",
        "15m",
        "1h",
        "6h",
        "12h",
        "24h",
        "2d",
        "7d",
        "30d"
      ]
    },
    "timezone": "",
    "title": "Strimzi Kafka Connect",
    "uid": "39fb097dc2c5ebf8a7717cf78fc2f8f7",
    "version": 2
  }